0.0,0.0,0.0,0.0,0.0,0.0
0.021968728604752102,0.5351919077454845,0.039637630875733354,-1.7506770875661558e-10,0.0,0.3548105759076974
0.01683949713050224,0.4891032814372663,0.05022125575501675,-2.3805785593387534e-10,0.0,0.39291969657383324
0.012471965037050465,0.44929715072827914,0.0618570471468825,-5.349120627648496e-09,0.0,0.4235059511521723
0.008786877052438418,0.4139441749968059,0.07451358925723184,-1.2254318166591117e-08,0.0,0.44827697303018826
0.005884382195708205,0.3831415574991394,0.08751892817603744,1.3377764892783825e-08,0.0,0.46764423132256894
0.003582040157783707,0.3551923554954302,0.10123112790059363,8.277580645109562e-09,0.0,0.48303278232741154
0.001724091021221511,0.3282397972757286,0.11662740716332975,3.83738937741746e-08,0.0,0.49541738731414464
0.0003252021676843495,0.3018841224665667,0.13412583697641123,3.350002926333066e-08,0.0,0.5047582272979044
-0.0005608075551667071,0.27625405107234025,0.1538131243037966,2.4658236891228616e-08,0.0,0.5107952036358463
-0.0008915658724249524,0.2515664221196016,0.17561391447170865,2.1263227924190405e-08,0.0,0.513354308050778
-0.0006446764403733293,0.2280718281539796,0.19927191514431083,-1.45306779790682e-08,0.0,0.5124222005783856
0.00017467258157088074,0.2060221143773087,0.22439831727595133,3.4624456521565804e-08,0.0,0.5081236356034267
0.0015361516670788838,0.18549902183854014,0.25074249598511805,6.666913397085582e-08,0.0,0.500628805322803
0.0034198715705774296,0.16634725204872,0.27840641101409214,3.8502046650672364e-08,0.0,0.48999605371779553
0.005754445019832485,0.14876181131470276,0.30673930079728173,-5.4295097313788456e-08,0.0,0.4767127954254011
0.008339153987466298,0.13328250265944364,0.33394812129114926,-1.3671638974508877e-07,0.0,0.4621401873929606
0.010821645252824232,0.1205979573510805,0.357308019698754,-2.637813364730331e-07,0.0,0.4485293312609689
0.012981816519159436,0.11061228089708372,0.37592585234855047,-2.0951126244195302e-07,0.0,0.4370361030772453
0.014713073422832271,0.10299023591502147,0.3898067487268812,-8.999830057750939e-08,0.0,0.4280983426183527
0.015910321580460914,0.09759527192173717,0.3987198416006844,-1.1203002752473349e-07,0.0,0.422199603128259
0.016728415547633574,0.0936693608925689,0.404413094085723,-4.099746092509676e-07,0.0,0.41828633431927714
0.017441783287069,0.09025264194811358,0.4092630739243511,-3.7648180923293765e-07,0.0,0.4147488827655264
0.018127927125836277,0.08709085968649803,0.41383016447211407,-3.7509355822462773e-07,0.0,0.41121981854547196
0.018801231623113167,0.08411911224326378,0.4182295107469022,-3.483578168659233e-07,0.0,0.40763558279460965
0.019464965255105795,0.08128917257948569,0.42256916463253047,-3.3832457179876465e-07,0.0,0.4039304419372394
0.02011708364245706,0.07858017096083517,0.42688139812736087,-3.2819621769306303e-07,0.0,0.40009202226155655
0.020761078763752293,0.07597222125545515,0.4311919863294442,-2.662428046511802e-07,0.0,0.3961095333244294
0.021409668476052527,0.07343556418565685,0.43555644562483986,-2.11818419574408e-07,0.0,0.39194350954603613
0.022083215493095772,0.070929078883334,0.4400785458269224,-2.233556009120744e-07,0.0,0.3875096537606691
0.02278887965903457,0.06843271591183933,0.44482045462159336,-2.1331043680850562e-07,0.0,0.38275389341524957
0.02352710109447525,0.06592406955425126,0.44988357588019606,-2.3159681172028766e-07,0.0,0.37759142179058813
0.02430651919341745,0.06335617374148557,0.455483757516662,-1.9702794952472374e-07,0.0,0.371839394281029
0.025119827656636735,0.060754559483096174,0.4615448597970511,-1.7398755594529423e-07,0.0,0.36555049698191155
0.025943972082967594,0.058198427731331,0.46773264277880255,-1.501101782624013e-07,0.0,0.35899836045992845
0.026740554185819932,0.05576304518361534,0.4737115227325306,-1.430914110871143e-07,0.0,0.35247845902852715
0.027463249608508225,0.053522841040965614,0.4791274522926348,-1.5956180212427057e-07,0.0,0.34631909520673093
0.02805982269527041,0.05155785442037133,0.48359021548996256,-1.2294531659608565e-07,0.0,0.34089414758546227
0.028495742167382123,0.04991647083401022,0.4868576777392425,-9.76577992712172e-08,0.0,0.3364532407336025
0.02879261130044463,0.04855138472520443,0.48911321915244194,-3.6477674367876474e-08,0.0,0.33285658439698435
0.029007285229411917,0.04737115149073292,0.49069938873583924,-4.929646819302505e-08,0.0,0.32979716140850346
0.029179035036899403,0.04634218385924442,0.491693729415598,-4.356118585869771e-08,0.0,0.32719058924962546
0.029316329679055807,0.045428229035022055,0.49225040877791704,-2.6790299141089176e-08,0.0,0.324911558905541
0.02942325779946494,0.04456235681266196,0.4926851539710371,-8.404082418344998e-09,0.0,0.32270222145472455
0.02952341316733865,0.04368323640307607,0.49324848338426275,-1.5738064083810134e-08,0.0,0.3203342059782952
0.029601172395045536,0.04282032613369072,0.49382244704959166,-2.795509619987178e-09,0.0,0.3179217609090125
0.029619999986046943,0.042049357417488664,0.4940997621093699,3.3128427088224685e-09,0.0,0.3157670670086458
0.02957920146238455,0.0413774419465279,0.49404937814734834,-3.0718348368430165e-08,0.0,0.31390794817425993
0.029486277098044175,0.04079535884815644,0.49370821505874224,-2.9110595121511722e-08,0.0,0.31231601736641096
0.0293481394589061,0.04029597576426434,0.4931032780710967,-4.04388449061199e-08,0.0,0.31097012829069076
0.029171792333275413,0.03987591970727354,0.4922435974695296,-9.93635415836161e-08,0.0,0.3098624276787719
0.028964452796852617,0.03952829187969255,0.4911532198236507,-1.2748408246832286e-07,0.0,0.30897096262072454
0.028756473413258345,0.03922982598179187,0.48985080779745355,-1.3235285735655847e-07,0.0,0.308236136395974
0.02862191544887563,0.038935237710889775,0.4883219680238304,-1.03041772804379e-07,0.0,0.30755400347186296
0.028586432911663996,0.03860724951910444,0.48669639481807303,-9.313116129349688e-08,0.0,0.3067820017332841
0.02860478893155218,0.03818318982968394,0.48540327548623025,-9.034510266585534e-08,0.0,0.3056142729605035
0.028641371168898106,0.03762672390984341,0.4847232405263115,-8.07321222896919e-08,0.0,0.3038467656998774
0.02868397272778219,0.03696529399908556,0.4845758866874632,-9.004829233080747e-08,0.0,0.30155414580863565
0.0287394049499242,0.03625052328191732,0.4846950903473133,-9.65622631506846e-08,0.0,0.29895100041314104
0.02880598304144972,0.03550511356837461,0.4849708262027761,-8.997722692306077e-08,0.0,0.2961312030106074
0.028888770457365952,0.034736924888138794,0.4853543421035819,-9.750534790314762e-08,0.0,0.29312568413166556
0.0290043335212547,0.03395082733618918,0.48578844412889555,-1.043166837584171e-07,0.0,0.28995513759110986
0.029168246029454305,0.03315642892605655,0.48619280326416225,-9.755543833951275e-08,0.0,0.2866634977058924
0.029372978733865164,0.03235271091910359,0.4865953569500235,-7.025118891001423e-08,0.0,0.28323180813960686
0.029593578316539308,0.031525753159385994,0.4871326738168118,-6.610231681872451e-08,0.0,0.27956763883698366
0.029819671284275318,0.03066683896359488,0.487888976530388,-7.049572200713113e-08,0.0,0.27560352108077546
0.030048072971481928,0.029782366366535095,0.48884390873779415,-7.161401250586974e-08,0.0,0.27135796694870384
0.030273536702458123,0.028897459208449182,0.4898493404744674,-5.583930005248697e-08,0.0,0.26697366104762643
0.03047374195789255,0.02805168826789286,0.49067375887151854,-6.643925272362513e-08,0.0,0.2627043353340205
0.03062187557381735,0.02726868011825092,0.4911982033989078,-3.528382812528854e-08,0.0,0.25871471690776465
0.030662087966642503,0.026592075793900147,0.49124516318459027,-3.889513796640824e-08,0.0,0.255295910264967
0.0305382412337225,0.026092845097346502,0.4905634897525463,-5.933120280869329e-08,0.0,0.2528655106525795
0.03030379497103161,0.025733924377029635,0.4893963567656239,-7.707913148986101e-08,0.0,0.2511596967162075
0.030035217622004416,0.025417925427429905,0.48812552739778464,-7.898261646806806e-08,0.0,0.2496421700121234
0.029755241197952805,0.02511067198251802,0.4868672908189625,-7.292637390402507e-08,0.0,0.24813785550753972
0.02947924629814578,0.024789225147050096,0.4856864136007715,-8.864182467958258e-08,0.0,0.24652879241009135
0.02922056624215718,0.02443563195217802,0.48463211203057555,-8.68567024655581e-08,0.0,0.24471403652843188
0.028980565309618907,0.024049840682735343,0.4837078045343618,-8.871425477907653e-08,0.0,0.24268149530736288
0.028758503825611605,0.02363492708411639,0.4829080070222154,-8.389856751026234e-08,0.0,0.24043606851967894
0.02855358107496918,0.023194039090357322,0.48222618419384833,-7.699499180132365e-08,0.0,0.23798411072598466
0.02836501282174062,0.02273024278596384,0.4816553242097193,-8.081384275552313e-08,0.0,0.23533249932317796
0.028191802338661247,0.022247089923301353,0.4811856358587431,-8.853812488491226e-08,0.0,0.23249243672424663
0.028029655141704676,0.021753326522507447,0.4807798366406914,-1.0094231383412503e-07,0.0,0.22951389272581216
0.027869987562056216,0.021264040933584867,0.4803643986415161,-1.1219407607642096e-07,0.0,0.22649855999348426
0.0277093162235121,0.020785199579066403,0.47990925476849966,-9.862766449882309e-08,0.0,0.22348987913024387
0.027548019799323472,0.02031662837958553,0.47941610911263327,-1.0161028378600327e-07,0.0,0.2204874092370088
0.02738542511247576,0.019859607532168744,0.4788786308386158,-9.444051137338831e-08,0.0,0.21750240228173826
0.027222091899313842,0.019413476154073298,0.4783008319810527,-9.382547953617859e-08,0.0,0.21453154711522265
0.02705998158614422,0.018975696381332792,0.4776972790165732,-9.757687981189221e-08,0.0,0.2115560792308612
0.02690171939601344,0.018542947931503538,0.4770875891397259,-9.206567228092228e-08,0.0,0.20854920044663128
0.026750982347742775,0.018110743351479913,0.476499250089563,-9.646624694453957e-08,0.0,0.2054721776895201
0.026612587851909047,0.017673869146144675,0.47596768344090107,-1.0630056669301987e-07,0.0,0.2022750888121821
0.026490329614229924,0.01722949494069606,0.47551873002781603,-1.1298074626826888e-07,0.0,0.19892354116471025
0.02638446217221318,0.01677992855640698,0.47514905088180204,-1.0958286767016033e-07,0.0,0.19542661147929988
0.026298934374662998,0.016331061014616143,0.47480743478568876,-1.1227888666486127e-07,0.0,0.1918284582805058
0.026244470415974247,0.01588935140532529,0.47441408065589513,-1.1938356025185222e-07,0.0,0.1881787327962656
0.02621530299500442,0.015459597887983213,0.47394795570709636,-9.553623183613685e-08,0.0,0.18452333122239534
0.026179878384753545,0.015048316567372665,0.47342581922767407,-9.814715397856599e-08,0.0,0.18095075468640356
0.02610774932431994,0.014664498264311487,0.4728328338570017,-1.0304093919161359e-07,0.0,0.1775823691540581
0.02600913768951545,0.01430589972579244,0.4721701485802394,-1.1366404135850136e-07,0.0,0.17439837141536194
0.02591356641018967,0.013964654809795694,0.4714325413963936,-1.2638067660999365e-07,0.0,0.17130631095902124
0.025831840010672007,0.013639850959538258,0.47059556479186837,-1.2116136889452044e-07,0.0,0.16829334817989358
0.025760068615321003,0.013330468965674455,0.4696843826601709,-1.1346433073416777e-07,0.0,0.16535557284570973
0.025688991672731032,0.013034632039312702,0.4687519917539473,-1.1623404934780192e-07,0.0,0.16248596154945616
0.025616339756283465,0.01275184367270421,0.46781360579056375,-1.2084513368843582e-07,0.0,0.1596866457273936
0.02554026390033252,0.012482191934781582,0.4668756324242458,-1.234584405779146e-07,0.0,0.15696612994152315
0.025453432832450777,0.01222879712845571,0.4659218874125054,-1.2776392984271749e-07,0.0,0.1543716580786267
0.02534693196872639,0.011996558102570472,0.46491614353159766,-1.2437950404399577e-07,0.0,0.1519720712867049
0.025226410069511734,0.011783620716542632,0.4638597721111887,-1.315026177471079e-07,0.0,0.14974783519067983
0.025103389211280726,0.011584548884322886,0.46277691720384656,-1.2937350697693428e-07,0.0,0.14763405825001508
0.024981774758670878,0.011396505834678702,0.461687997821406,-1.3509428806799728e-07,0.0,0.14560068861455366
0.024865234191231652,0.011216655833876215,0.4606171928181968,-1.3824033546457732e-07,0.0,0.14361744504807647
0.02475758908778749,0.011042436122299435,0.45958859020455217,-1.3624027749572977e-07,0.0,0.14165575959932922
0.02466096544266197,0.010872749405625591,0.45861591454028955,-1.3221792167434797e-07,0.0,0.13970392496046047
0.024576567321024194,0.010707245259303286,0.4577075041252885,-1.1995433970335795e-07,0.0,0.13775909581438903
0.02450708920925168,0.010544858143343255,0.45688020306595944,-1.2308541946193959e-07,0.0,0.13580878005785205
0.024456251214354886,0.010384326298252122,0.4561565986049789,-1.2994372038340486e-07,0.0,0.13383654110653406
0.024421514828337466,0.010227620502527344,0.45552332893101816,-1.3096684504325025e-07,0.0,0.13187066581455173
0.02438977774985902,0.010080946321464548,0.4549069401140077,-1.4337709004770268e-07,0.0,0.13000295948928767
0.024344059202762707,0.009951387373847143,0.45421543804198994,-1.39148021685596e-07,0.0,0.12833687924968293
0.024278825978077435,0.009840621519629068,0.4534249453824877,-1.2635740373157453e-07,0.0,0.12689459130894715
0.024192066754669117,0.009748915417284716,0.45253241325407945,-1.3055509447583692e-07,0.0,0.12567464673406395
0.024079863410511253,0.009677763676535028,0.45152534959697177,-1.3711979384478486e-07,0.0,0.12468767267634343
0.02395042030299128,0.009622351732725203,0.4504498193071194,-1.330898337932664e-07,0.0,0.12386986827069378
0.02381942791184833,0.00957337133153877,0.44938103689179254,-1.3217872876458602e-07,0.0,0.12311588085265573
0.023698648965472205,0.009524094093320083,0.44837331909269956,-1.3931358827330358e-07,0.0,0.12235300469371387
0.023594693699408954,0.00947143332975984,0.4474583624682273,-1.504814244003884e-07,0.0,0.12154722809991354
0.023512477021995035,0.009413834450781674,0.4466614775737164,-1.528484974522592e-07,0.0,0.12067982060093113
0.023456821987250596,0.009350270105155097,0.44600871753477916,-1.5985781629196198e-07,0.0,0.11973714612468309
0.02342478278638137,0.009283196498081618,0.4454875149160703,-1.67962274993036e-07,0.0,0.11874798850086547
0.023408948272459866,0.00921623946202176,0.445060853973932,-1.7301890521493892e-07,0.0,0.11775864435756207
0.023406435844676995,0.009150718003890434,0.4447138057503668,-1.7607020768902175e-07,0.0,0.1167878254521967
0.023414998767686275,0.009087491993520068,0.44443431829292734,-1.776517286511948e-07,0.0,0.11584873391215648
0.023432628113933863,0.009027176075205947,0.44421153283076387,-1.7852044570684525e-07,0.0,0.11495139214958396
0.02345861700436649,0.00896986478931457,0.4440410437423679,-1.8172758566465558e-07,0.0,0.11409890889279034
0.0234938752994533,0.008915102221615437,0.44392668645874095,-1.8590108705780115e-07,0.0,0.11328740091968495
0.023541536548409514,0.008861759005529006,0.44388336604127143,-1.948734130411174e-07,0.0,0.11250524855721583
0.023604092639620045,0.008809043892214704,0.4439226150263101,-1.9501255448552188e-07,0.0,0.11174527068878738
0.023679134987377733,0.008757672487219778,0.4440312356997234,-1.994008651966378e-07,0.0,0.111018322371894
0.023762312963257537,0.008708761529909176,0.4441864362400083,-2.03306807720503e-07,0.0,0.11033937840189192
0.023852847760143004,0.008662327932264575,0.44438345937731943,-2.0700071382518871e-07,0.0,0.10970951294527576
0.02395056278762214,0.008618196024744323,0.44462067131056576,-2.0873290438154302e-07,0.0,0.10912744601647589
0.024055246672657786,0.008576215090078675,0.4448963030357581,-2.1216277097846324e-07,0.0,0.1085919494311392
0.02416660536793052,0.008536245263652417,0.4452083173382182,-2.1487134741418482e-07,0.0,0.10810190565778925
0.024284829119897645,0.008498034643191195,0.4455571023068563,-2.1957711802557472e-07,0.0,0.10765484760470662
0.02441392770237099,0.008460328716709343,0.4459612493549359,-2.2174460500269928e-07,0.0,0.10723882260004816
0.02456139690946874,0.0084210966979042,0.4464557785067187,-2.2433712372401483e-07,0.0,0.10683559173794986
0.024730776679805347,0.008379478270254287,0.44705650331624774,-2.217158543471827e-07,0.0,0.10643958744086976
0.024923526602186753,0.008335179417234148,0.4477694677070173,-2.2423838008080117e-07,0.0,0.10605104040965248
0.025142393050286985,0.00828762841711692,0.4486065416645699,-2.2461839741589923e-07,0.0,0.10566787778094965
0.02538810710980744,0.008236736255644065,0.44956996207206185,-2.2771177889305546e-07,0.0,0.1052928787004015
0.025659331294467694,0.008182857447406319,0.45065213380217917,-2.3274333943857632e-07,0.0,0.10493277426058317
0.02595089078566675,0.008127144277110995,0.4518274692326946,-2.3445944977824472e-07,0.0,0.10460057357427126
0.026250467488567228,0.008072189651183467,0.45303757065631045,-2.3624167185390527e-07,0.0,0.10431970712519452
0.02653311307656713,0.00802332206731045,0.4541684112075252,-2.394627911183421e-07,0.0,0.10413006858076222
0.02677526072257738,0.007985698579156316,0.45511915070478137,-2.419768914019685e-07,0.0,0.10405926760493411
0.026976927676488852,0.007959230389045283,0.4558992516938012,-2.3897979538116857e-07,0.0,0.10409165145824874
0.02714571389573726,0.007942018654353422,0.45655010419800096,-2.4052444669520316e-07,0.0,0.10420352552222192
0.027285344604473172,0.00793304935051787,0.4570941327274851,-2.426076554796641e-07,0.0,0.1043810196721174
0.02741542904790567,0.007927115009072581,0.45761603122707833,-2.454995203666064e-07,0.0,0.10459237181114493
0.027559887363339988,0.007918103321216646,0.4582081717841118,-2.4867600783899513e-07,0.0,0.10480580487155511
0.02772910119750188,0.00790375809973103,0.4589034346722369,-2.5065302457607425e-07,0.0,0.10501051353878293
0.02792812447749804,0.007882974355020944,0.45972269958639994,-2.547353625111308e-07,0.0,0.10520327464032178
0.028159561474047468,0.007855074291873697,0.4606837000150277,-2.5686422465216276e-07,0.0,0.10538419769468053
0.028425648151547023,0.007819570241110912,0.4618005180579901,-2.6100624839598364e-07,0.0,0.10555430187802987
0.028725219495729978,0.007776753457252873,0.4630738790068486,-2.6481278458414636e-07,0.0,0.10571904408182826
0.029053773540661076,0.007727237146379403,0.4645029421667029,-2.693021007700408e-07,0.0,0.10588710288930857
0.029407399546423973,0.007671282968154767,0.46609341262193776,-2.730062797544392e-07,0.0,0.10606509228604764
0.029785695070781545,0.007609088098045393,0.4678406935777115,-2.7765739279684754e-07,0.0,0.10625575370855989
0.0301930766615546,0.007540570194895797,0.4697333933114315,-2.8116302188252496e-07,0.0,0.10645754828233488
0.030630425850628418,0.007466153023305789,0.4717540803527107,-2.869367108617908e-07,0.0,0.10667356312265543
0.031085623562157386,0.007387805648020953,0.4738724598704164,-2.916628851221977e-07,0.0,0.10691952703085247
0.031536981131967935,0.0073086576500432715,0.47604561415122876,-2.962218213073306e-07,0.0,0.10721784483356801
0.03196898420780937,0.007230984697080822,0.4782373914879306,-3.009450213464111e-07,0.0,0.1075814199124872
0.03237681699722423,0.007155365786893445,0.4804332588150634,-3.053244596125214e-07,0.0,0.10801135175809921
0.03275790820740948,0.007081822706706406,0.482628845040658,-3.130037889789776e-07,0.0,0.10850675705159987
0.033108971002073495,0.007010659312681006,0.48481091290530187,-3.1822825899209924e-07,0.0,0.10906847491577668
0.0334374876194044,0.006941054830356965,0.4869644417879397,-3.2223372936696153e-07,0.0,0.10969127806378896
0.03376297533475531,0.006869649557297785,0.48911418002624824,-3.306419679961668e-07,0.0,0.11036127104979832
0.03410694715635298,0.006791642359403169,0.4913235741484683,-3.402256034595491e-07,0.0,0.1110614256022059
0.03448200070370734,0.006704221432900109,0.4936280286299433,-3.462951902725419e-07,0.0,0.11178292227159582
0.0348956817860586,0.006605763188903089,0.4960465242514837,-3.6526504926646775e-07,0.0,0.11252142943941326
0.03535361152555152,0.006495023269476849,0.4985856749276209,-3.875555208949579e-07,0.0,0.11327447394536466
0.0358539102738865,0.0063725901611797735,0.5012135275474258,-4.2159405714022493e-07,0.0,0.11404819320085349
0.03641485815656904,0.0062414752622992785,0.5037502683976411,-4.7404766100860297e-07,0.0,0.11484380949825634
0.03706652449784794,0.006106352496767507,0.5059662596513446,-5.990201907394079e-07,0.0,0.1156549491769306
0.03780020714503962,0.005966855003390214,0.5079518041735966,-1.5481601366246445e-06,0.0,0.11649128914883564
0.0385612157193826,0.005807030957342812,0.5102924681804007,-5.264796172216189e-06,0.0,0.11738312243744721
0.03928884637413035,0.005622895783326576,0.5133300597259968,-1.1393940493388483e-05,0.0,0.11834788144681907
0.0400149420463714,0.0054208054641440104,0.516780546624424,-1.9558870103247432e-05,0.0,0.11936995819356627
0.04081453360406998,0.005203664281554661,0.5202678360769019,-2.953726233741344e-05,0.0,0.12044983700247458
0.041734806746385474,0.00497212502037409,0.5236457496331218,-4.080912089169433e-05,0.0,0.12161202194439401
0.04286539750318501,0.004722112841371925,0.5268786665864106,-5.424619664474464e-05,0.0,0.1228514634420051
0.044295144153857324,0.004450333001730892,0.529962381508986,-7.485033537210574e-05,0.0,0.12415485380760764
0.04604805005706875,0.004160155423003696,0.532907026115113,-0.00010417167363200132,0.0,0.12552951772563883
0.04808923872173405,0.0038599210745117003,0.5358096633894496,-0.00013824573143998372,0.0,0.1269870428892065
0.05035648997038772,0.003560599988349241,0.5387535138864668,-0.00017298726298690674,0.0,0.12852414296587591
0.052794577018676035,0.003270537492067126,0.541706150692573,-0.00020567054675050796,0.0,0.130120465967107
0.055358417168597095,0.002998414212746928,0.5445767858893952,-0.00023331013096253785,0.0,0.13174970438892927
0.058013833762366906,0.0027587994544664997,0.5472516010792335,-0.00025416169563927864,0.0,0.13338279569858144
0.06074265502863544,0.002574611424736412,0.549610338169182,-0.00026634855997894583,0.0,0.1349964888500371
0.06354190873562202,0.0024733909511160425,0.5515621416282913,-0.0002693503202272107,0.0,0.1365756456840071
0.06641526417464416,0.002481672469904717,0.5530921739112425,-0.00026150823536470687,0.0,0.13811248949385843
0.06936137851321977,0.0026151425619988333,0.554288488672396,-0.00024230013208233634,0.0,0.1395953144126942
0.07236720849733506,0.0028728382193602764,0.5552867405527834,-0.00021275962780575581,0.0,0.14098624039506025
0.07540783652794691,0.003233365139124871,0.5561944984007363,-0.00017660867275847463,0.0,0.1421920628075751
0.07843921847097274,0.0036642298709657164,0.5570199705895803,-0.00013976027991547242,0.0,0.1430669220082138
0.08138432511002497,0.004137454550608696,0.5576806389314855,-0.00010988231570627608,0.0,0.14345812518296702
0.08413374230051117,0.004634542289230579,0.5580415703641736,-9.287289200014566e-05,0.0,0.14325825701326272
0.08657224370724813,0.005126160419323414,0.5579200795853902,-8.722668114896478e-05,0.0,0.14243536769889814
0.08862136697590678,0.005557864890168905,0.5571195141435014,-8.79045482964804e-05,0.0,0.14100472168691144
0.09028102653157911,0.005888957054698187,0.5554641705318603,-8.456083465725037e-05,0.0,0.13900777560410213
0.09160180756991852,0.006134024076691041,0.552884140852912,-6.227312238512045e-05,0.0,0.1365183680559584
0.0926432171956202,0.006339792363428754,0.5494586714938211,-7.039124433530649e-06,0.0,0.1336251837573936
0.09340662238939286,0.006560691082578965,0.5454293251407734,9.527534372427076e-05,0.0,0.13040960429389725
0.0939312934813244,0.006857152105256561,0.5409114201767501,0.0002348495020408011,0.0,0.12690769679838357
0.09436437534435431,0.007307875426166526,0.5358855578443281,0.00038873735763430206,0.0,0.12311798821989776
0.09483353404590093,0.008009524045785229,0.5305240444678975,0.000545687228192474,0.0,0.11905564917555918
0.09541849271977727,0.009032585736223911,0.5251878494275405,0.0006990587697749378,0.0,0.11478583303292965
0.09619774734564304,0.010353663072960359,0.520215834116923,0.0008373125437687713,0.0,0.11041508877085583
0.09718926816943076,0.011842438820566084,0.5158308273686629,0.000946852622557087,0.0,0.10602986064796545
0.09828865964627168,0.013328013280134486,0.5121044826358936,0.0010150390541045432,0.0,0.10167624730130802
0.09926626706935052,0.014667927655921618,0.5089547170414442,0.0010271482369207164,0.0,0.0973940301858547
0.09981190450763996,0.015783301417245096,0.506264634272846,0.0009771122255367113,0.0,0.09320103355547397
0.09973671387580647,0.016670443609012122,0.5038598707009838,0.0008729923427975934,0.0,0.08901682356588268
0.09910263735853536,0.017381319857746446,0.5014923948125466,0.0007396367138588336,0.0,0.08466563627832384
0.09810698427479267,0.017958211102820008,0.4989814764449793,0.0006018574305290005,0.0,0.07999115656162357
0.0969449792850743,0.018403190983701086,0.49620255715217243,0.0004638934219470007,0.0,0.07500052907500586
0.09579296279029148,0.018702003475357536,0.49307474998754197,0.00032736938700538606,0.0,0.06985134840796309
0.09477661688530745,0.01884518720926092,0.489538909589286,0.00021238817400149248,0.0,0.06472557379496188
0.09400971677582415,0.018870073078097994,0.4855823823537768,0.0001536445160726625,0.0,0.05971638102056237
0.09362650684879593,0.018885189085715702,0.48132441193338604,0.00017322483236719333,0.0,0.05488669247959944
0.09371113015262847,0.018985759341150144,0.47691313183075196,0.00025764948566073996,0.0,0.05033216765734761
0.09418265228464569,0.01915017404502394,0.47236580034375036,0.00035170602462006616,0.0,0.046067887827020204
0.09480385557074864,0.019243272983573596,0.4675592656192752,0.0003755207042928585,0.0,0.04196379080667336
0.09531082967475704,0.019111691461289017,0.4621930794981803,0.00024803729685947455,0.0,0.037832487503686334
0.09550211456889679,0.018696621613823572,0.4559873227993091,-7.29266047575417e-05,0.0,0.03353565025610087
0.0953147025900706,0.01810871505636293,0.4490578204436967,-0.0005320689738937354,0.0,0.02906840570809065
0.09485030112464365,0.01756373125382783,0.4418256876506784,-0.0010275787534657723,0.0,0.024551407173575204
0.09422941273212466,0.017242992788209476,0.4346527501021475,-0.0014874074790233577,0.0,0.02012516001203001
0.09344865519849296,0.017234829093943173,0.4277268112286609,-0.0018565548925297314,0.0,0.015843152483160206
0.09241355617303477,0.01756814491583802,0.42109534044806896,-0.0020848861524217837,0.0,0.011657729178337592
0.0910371473468935,0.01825712582161666,0.4146454550797027,-0.00213021019731777,0.0,0.007505115286157994
0.08930067228600314,0.019259289455093618,0.4080861711435276,-0.001967523847524916,0.0,0.0033906979113039666
0.08723898163410627,0.020468142290958176,0.4010045862010468,-0.0015999850694639797,0.0,-0.0005844938374504037
0.08495841937952624,0.02178317017417911,0.39305738217959885,-0.001052052657180024,0.0,-0.004235282037137862
0.08269462956486706,0.023166013326850646,0.38421123529219,-0.0003637447336019332,0.0,-0.007322390530020365
0.08086203130653562,0.024627135033851926,0.3747244434206133,0.0003862735734003437,0.0,-0.009652699162382273
0.07977162245574287,0.026177794720091924,0.36494165933936984,0.001085512799652338,0.0,-0.011173451663758252
0.07923232743442989,0.027748071465735675,0.35529891752296366,0.0016754975550906856,0.0,-0.011951070157170195
0.07880115496149201,0.029151911145441384,0.3460956194479728,0.0021825932643702176,0.0,-0.012108336576409957
0.07835417427174875,0.030186735260228297,0.3370949123133706,0.0026326025378245123,0.0,-0.011728161150115896
0.07796176314360044,0.03071675307788039,0.3278694339250563,0.003026099381959225,0.0,-0.010843255442982473
0.07757714417814356,0.030697617826613746,0.3181148792654723,0.0033983497176009177,0.0,-0.009517283981666347
0.07703649968828914,0.030169343665852492,0.30772104920049315,0.0038226605137110224,0.0,-0.007915731495967063
0.07623266898652797,0.029248870766580677,0.29682505622070227,0.00434846700741753,0.0,-0.006243122863782162
0.07514318544138444,0.028118252036008904,0.2857939041548677,0.0049893099660346905,0.0,-0.0046228137520977425
0.07378092252503068,0.027000511712912203,0.2750735216081649,0.005741872403749213,0.0,-0.00306695984121872
0.07216110233646976,0.026084460048137092,0.26501833883001535,0.006577415666357733,0.0,-0.0015536396405118303
0.07038491854075783,0.025442992682961345,0.25584558289020737,0.007446937399260146,0.0,-9.034395385303585e-05
0.06867018125868526,0.025039972908123796,0.24776410614167113,0.008313872066853002,0.0,0.0012970522634280204
0.06721714702329781,0.02479236790730313,0.24100452013097004,0.009156918595259446,0.0,0.002594992256884797
0.06611615811964178,0.024612423008966187,0.235675988291424,0.009945687104243189,0.0,0.0037839330439722986
0.0653205779546622,0.024427647317296967,0.23164426046005707,0.010635455227127569,0.0,0.004779644531814614
0.06472204995629102,0.024201561767018702,0.22859088910161524,0.011179105624780576,0.0,0.005457931499835853
0.0643071767970952,0.023949256213585384,0.2261288869044416,0.011539788931655562,0.0,0.0057258551620059895
0.06409616513553121,0.023730609103891163,0.22389783574360606,0.01171750649720652,0.0,0.005513522817705268
0.06396348878619101,0.023585609706935465,0.22162754604527998,0.011748669618801265,0.0,0.004736557622074107
0.06365207325550454,0.0234689627029287,0.21916670355116263,0.011676106656798396,0.0,0.0033165242880310026
0.0630071026680618,0.023263617111040562,0.21647132121038565,0.011522863819984656,0.0,0.0012451078229614916
0.06205790951165253,0.022846485372405807,0.21364286628837362,0.011287031223035905,0.0,-0.0014143732941508083
0.06088723342643666,0.022158634675068557,0.21092586703652114,0.010958656086450674,0.0,-0.004539228496824279
0.059487847129521855,0.021234695165079028,0.2085808752231305,0.010528104632315311,0.0,-0.007937905653583002
0.0577404290613916,0.02016266173402758,0.20672503222727256,0.009965885816603974,0.0,-0.011364842376886083
0.05546523244858338,0.01902215602740168,0.20530596757824246,0.009216387440148258,0.0,-0.014600398803135094
0.05255658261487924,0.0178736264234294,0.204206457288729,0.008235420983121562,0.0,-0.017538371328618314
0.04903408571239933,0.016794614030126807,0.2033597332823487,0.007043599580422498,0.0,-0.020194697738125957
0.045007542187689174,0.015874594025559265,0.20274565160373142,0.005730751365363698,0.0,-0.022672036552248
0.04056941541766074,0.015165467298975062,0.20237404284922617,0.004421872759843721,0.0,-0.025139419546559027
0.03574276390215788,0.014659583514264418,0.2022698657936127,0.003243503634759754,0.0,-0.02775859625119597
0.030544191391087567,0.014317171412382592,0.20245473094915575,0.002296606180102777,0.0,-0.030569650911782764
0.02507735205069284,0.014102152376468126,0.2029427870005707,0.001632604686153496,0.0,-0.033447703110637717
0.019557179239162163,0.01399003075861249,0.20374481112682155,0.001244792054772367,0.0,-0.03615836558191936
0.014269429848773586,0.013969441462070686,0.20483028360987332,0.0010794300748230808,0.0,-0.038465497553382924
0.009525359944711416,0.014056886137901403,0.20607309756532438,0.0010575643711800253,0.0,-0.04023923311546508
0.005592619730997063,0.014285863324517853,0.20729704488124584,0.001094588543599635,0.0,-0.041495582386559884
0.002607054863477459,0.014666649277041026,0.20837858922703484,0.001115751467567764,0.0,-0.042332028395428
0.0005591328842638862,0.015161835948412397,0.20929508809509187,0.001067104814866916,0.0,-0.04279993376584564
-0.0006347332683747692,0.01570774328408889,0.2100842305832215,0.0009221129758442857,0.0,-0.042855056644421845
-0.00109335875356648,0.016225710823495196,0.21073976867153568,0.0006693393627285476,0.0,-0.04244612670340723
-0.00099660180962002,0.01661575584769903,0.21112969661946457,0.0003124976602085522,0.0,-0.04161810217497736
-0.0006112346069650691,0.016745665665544057,0.2110469386491179,-0.0001181871847474695,0.0,-0.0405310605917652
-0.00037133378465393206,0.016460135170449624,0.2104346914525051,-0.0005450855740686477,0.0,-0.039456639452044986
-0.000498253217236718,0.015761212607577124,0.209179019481567,-0.0009336693811090047,0.0,-0.03851167258952695
-0.0009088644419399486,0.014829524494623507,0.20713082538694785,-0.001302737197405981,0.0,-0.03763688718448048
-0.0015475261119713248,0.013869784303813722,0.2043120904816999,-0.001661482728196705,0.0,-0.03679964260859372
-0.0024820986188811055,0.013008070223918002,0.20085051093859,-0.0020028581603707104,0.0,-0.03605662759798962
-0.0038351351119201202,0.012273994210061825,0.19688850886642237,-0.002314640668702337,0.0,-0.035520279996921214
-0.005725553348836917,0.011615896889017875,0.19256077793475726,-0.0025738204174244207,0.0,-0.0353132565702388
-0.008205679985972934,0.010940965814891514,0.18801617730947404,-0.002751203242823322,0.0,-0.03553545859816828
-0.011224251951111805,0.010187723646095614,0.18347591480308345,-0.0028091766483263787,0.0,-0.03623519295023952
-0.014653472249414969,0.009385194772367813,0.17923545091713766,-0.0027004739862388147,0.0,-0.03739199952117696
-0.018364784671481067,0.008642794072967684,0.17560051325242165,-0.0023808416331338148,0.0,-0.038958423390351354
-0.0222633624869287,0.008078615967798157,0.17281016514657033,-0.0018370410288530011,0.0,-0.04093330865603397
-0.026266053556214555,0.007749325257263728,0.17099086049245518,-0.0010990226028092483,0.0,-0.04337934941570873
-0.030292596284603394,0.007622717945931305,0.17014572494627456,-0.00021958179632434305,0.0,-0.04635971461836076
-0.03427193653662026,0.007604111137506491,0.1701620456907202,0.0007500516383663796,0.0,-0.049855374819958595
-0.03813456080311769,0.007598382814907752,0.17083885436142907,0.0017640891116754893,0.0,-0.05374172867788085
-0.041810328678477615,0.007556480074705926,0.1719521736890156,0.0027824159613265304,0.0,-0.05783832183271223
-0.045249094612110935,0.007470270993544942,0.1733096294490144,0.0037686339969293238,0.0,-0.0619790596915664
-0.04843268168017445,0.007341722153238127,0.17477339692603666,0.004690095032031885,0.0,-0.06603446990022258
-0.0513322203672669,0.007162440864853524,0.17629172089046385,0.005511195763808057,0.0,-0.06986777872649189
-0.053849708563015346,0.006934502237409096,0.17791405920691516,0.006195044783595806,0.0,-0.07328841401733105
-0.055805891943813433,0.006696677495852662,0.1797508772192425,0.006708109665394192,0.0,-0.07606358336061209
-0.05700795972784198,0.006500866434642254,0.1819194859361692,0.007046842152006071,0.0,-0.0779793171914401
-0.057324801127495016,0.006369848950336353,0.18450022576491187,0.007241822969235483,0.0,-0.07888232575014772
-0.05671367512759453,0.006294657107734566,0.18750444840477362,0.007328521653011206,0.0,-0.07868797114282007
-0.05520269440993113,0.006255710014152908,0.19086577170173422,0.007333197653222124,0.0,-0.07738588360960616
-0.05287047618826494,0.006218503741730928,0.19444170885436415,0.0072759223333638415,0.0,-0.07505673715240001
-0.04984632270647267,0.006115046763977223,0.19801838645779596,0.007173034829347146,0.0,-0.0718778235475391
-0.046306911505347055,0.005856251079181166,0.2013513785587535,0.00703836446157005,0.0,-0.06809389080447509
-0.04244819841153047,0.00537526247668969,0.20422892122916375,0.0068867104602453036,0.0,-0.06395967031798802
-0.038448692207698865,0.0046673037912451166,0.20651622036314177,0.006736845510128285,0.0,-0.05968288639972369
-0.03444533169411114,0.0037955346524190556,0.20816031429890317,0.00661221058897034,0.0,-0.05540830757312977
-0.030543699644481365,0.002861803732149585,0.20916578645360465,0.006529193730005089,0.0,-0.051239983603915726
-0.02684896974810964,0.001964628262252766,0.20956678214589639,0.006485624550372817,0.0,-0.04726271665771738
-0.02348916966853634,0.0011754923850565264,0.20940632225277583,0.0064617301875315265,0.0,-0.0435514701100039
-0.020621199895815394,0.0005297252201157678,0.20871603107508044,0.006431173785728993,0.0,-0.04017668809457681
-0.018426293883211584,2.5768215415349693e-05,0.20749307918453347,0.006369260371896242,0.0,-0.03720544469574415
-0.017091692144859564,-0.000367527246307421,0.20569818618367797,0.006257023011440958,0.0,-0.03469757003976375
-0.0167799734901048,-0.0007041525640504491,0.2032959109501629,0.006086674331457952,0.0,-0.03270532937829993
-0.01760334762139046,-0.0010554318659930786,0.20030955930247193,0.005864216749654853,0.0,-0.031278793272051485
-0.019594377900054565,-0.0014918227785836388,0.19687038621318498,0.0056096791133733335,0.0,-0.030448345347773305
-0.022683808089379042,-0.0020570441799735604,0.19321780400421698,0.005354156590194731,0.0,-0.030201607014886504
-0.026699951070438713,-0.0027519669198735794,0.1896414611358723,0.005129977074274993,0.0,-0.030473988479479033
-0.031384614348583875,-0.003537142020235368,0.1864107391537459,0.004961679218781289,0.0,-0.031146812098456354
-0.03641821846871429,-0.0043544633293735,0.183722062209239,0.004860643671039854,0.0,-0.03205942296790238
-0.041462442566798416,-0.005155836036762672,0.18166843393431,0.0048223176376867094,0.0,-0.033041017888606465
-0.04622043891552286,-0.00592231088514055,0.18023709092401277,0.004828072581029681,0.0,-0.03394239915765355
-0.05047357998303017,-0.006663767313556587,0.17934986766765398,0.00485226574690922,0.0,-0.03464892404971001
-0.054084538400763396,-0.007401462774473225,0.17891865305484353,0.004869553073861354,0.0,-0.035072140516052605
-0.056988050767567036,-0.008153266055190879,0.17888085803567771,0.004860384091433643,0.0,-0.03514217447912822
-0.059171969474936456,-0.008927093095113933,0.17920411613205256,0.0048148333816503,0.0,-0.03480808436897852
-0.06065920720528931,-0.009716844741628667,0.17986766533818999,0.004733171570777368,0.0,-0.034041429763520495
-0.0614977415606708,-0.01050557750934034,0.18083385636216448,0.004620785829479842,0.0,-0.03284912492336008
-0.061751755957166164,-0.011270300671459716,0.18203745524001191,0.0044826586197677315,0.0,-0.031277113579105134
-0.06149396167005403,-0.011979156326429556,0.1834013911899741,0.004321573747342479,0.0,-0.029394545727912322
-0.060801845636428486,-0.01259417355081699,0.1848512849174872,0.0041377215006824135,0.0,-0.027285033121372967
-0.05975486208376472,-0.013078624711173157,0.1863222752697272,0.003928906949772894,0.0,-0.025042641317580595
-0.0584323503626909,-0.013404741895788438,0.18775842965498177,0.0036930419704730407,0.0,-0.022768751185004783
-0.05691051475810119,-0.013558306414687901,0.18910795920092757,0.0034318579746716277,0.0,-0.020566339736287197
-0.05525906644927023,-0.01353811370882392,0.19032253591509565,0.0031521682904397737,0.0,-0.018533735376958627
-0.053537808192534356,-0.01335063890218895,0.19136789106570448,0.0028634067877030163,0.0,-0.016756155057172702
-0.051784375448294784,-0.01300740846919162,0.19222809662652365,0.0025764594796010274,0.0,-0.015302467059391247
-0.050008505693877825,-0.012519711293689229,0.19290946425699204,0.002303175459439352,0.0,-0.014224924374908084
-0.04820247371664234,-0.011891577152517735,0.19345015562992274,0.0020530684517051133,0.0,-0.013556626854914993
-0.04634938829033009,-0.01112030017311847,0.19391488274050359,0.0018327679640171126,0.0,-0.013309604602048327
-0.04442955031281455,-0.010200595982976833,0.1943784788906458,0.0016478393058503497,0.0,-0.013476147850130016
-0.042426143641489056,-0.009128090936166714,0.19490907297904353,0.0015045596052021741,0.0,-0.014029616616934148
-0.04033171133120605,-0.007903225693561833,0.19555863587339997,0.0014083846942940855,0.0,-0.014925151605738337
-0.03815139924363009,-0.00653622111032025,0.19635535770810153,0.001362167958641631,0.0,-0.01610346902625977
-0.03590097193357304,-0.005050405046815236,0.1972944485645846,0.0013672114804029187,0.0,-0.017500795164946254
-0.033606835311003294,-0.0034815574356082844,0.19834038473115562,0.0014223780868339896,0.0,-0.019046132582435565
-0.03130559513320128,-0.0018766255045333114,0.19943238514830008,0.001522621190283137,0.0,-0.02066067767876123
-0.02903981820362062,-0.00028996949317014844,0.2004936871488782,0.001659036279329873,0.0,-0.022263186018400116
-0.026852345690731992,0.001220957054530868,0.20144470355819824,0.001821031402540734,0.0,-0.02378564865934731
-0.02478277838387948,0.0026020911393343695,0.20221657488482278,0.0019983850242515306,0.0,-0.025177175753483688
-0.022866612153652363,0.00381070976338758,0.20276171244965205,0.0021801936478708503,0.0,-0.0263892061629104
-0.02113241816467259,0.004820655847593237,0.2030574799223515,0.002356482720355919,0.0,-0.027375074536526517
-0.019600421282155694,0.00562397904557111,0.20310585941270123,0.0025195107248985387,0.0,-0.028093536073318486
-0.018281672756107138,0.006229730968223298,0.20293204185375857,0.002663505797391243,0.0,-0.028507638037777335
-0.01717691473562466,0.006660922780951003,0.2025797266491832,0.0027842002184969507,0.0,-0.0285843759350143
-0.016276811247635935,0.00694972834739135,0.2021031088682028,0.002878623455925583,0.0,-0.02829689420559362
-0.015563422665974826,0.007131444602612697,0.2015583080817323,0.0029453221333421184,0.0,-0.02762832911955219
-0.01501259572023494,0.007239749066755195,0.2009963773758018,0.0029838896393151594,0.0,-0.02657264266085105
-0.014596896547066364,0.0073018803466962144,0.20046087101183419,0.002994355986973378,0.0,-0.025138037936193965
-0.014288309203367927,0.007329389748320027,0.19999275436855865,0.0029763826189699557,0.0,-0.023359825888929757
-0.014059583601177312,0.007332971931879371,0.19961417983273846,0.0029304822839291097,0.0,-0.021270437102010428
-0.013886890485519922,0.007332977628324642,0.19932360595919896,0.0028581076792806017,0.0,-0.01888525607324227
-0.01375261383832554,0.007343507512158115,0.19911118176042986,0.002760453266065912,0.0,-0.016230274348924982
-0.013644181397521049,0.0073677264035090315,0.1989716418912265,0.0026359905741431735,0.0,-0.013352275969152633
-0.01355305392379262,0.007402377925959099,0.1989031492016058,0.002482052258046133,0.0,-0.010312857734258172
-0.013474872435034091,0.007440172071824821,0.19890318571992519,0.0022974371645834006,0.0,-0.007179786681076115
-0.01340863453665879,0.007475394323132931,0.19896495930865243,0.0020828866562569606,0.0,-0.004012748116249938
-0.013354462980761928,0.007507703868459565,0.19907863511537865,0.001839873259776124,0.0,-0.0008564676390157696
-0.013311577749035098,0.007540690082881732,0.19923609379539042,0.001569501713535937,0.0,0.0022537613309578245
-0.01327822109832149,0.007577041312337787,0.19943320408679086,0.0012726002443745178,0.0,0.00528553716339122
-0.013252260146067639,0.007618647611702068,0.19966769906303478,0.0009495948284411109,0.0,0.008210767922775765
-0.013231781780979598,0.007670663177789287,0.19993543231646863,0.0005997995934030577,0.0,0.011010656811643801
-0.013213436392374238,0.007741616500465507,0.200238986024874,0.00022432979519502048,0.0,0.013667602085880049
-0.013192715467820939,0.007844906297633115,0.20058494532801877,-0.00017178305521983,0.0,0.016169294747683013
-0.013167426128100759,0.00799802631276179,0.200972929489457,-0.0005834767324901292,0.0,0.01851645087778771
-0.013139130104285258,0.008215645220475328,0.20139901232232416,-0.0010069772520927874,0.0,0.020711456961125807
-0.013111295095940315,0.008507731938927206,0.2018597930195859,-0.0014390732785804043,0.0,0.022753156149812555
-0.013088261033094168,0.0088813537397854,0.20235187984570407,-0.0018768280640940563,0.0,0.02464025072696091
-0.013075136367262274,0.009339145902533184,0.20287274384726678,-0.0023177145473890857,0.0,0.026369878740257802
-0.013078145305324258,0.009877770036735853,0.20342213196739423,-0.002759745220963102,0.0,0.027935348930414404
-0.013104559778766909,0.010487892872236827,0.2040027610477242,-0.0032016035073399837,0.0,0.029325933337235054
-0.013160598234070542,0.01115931061505067,0.2046155262288467,-0.0036415839395562114,0.0,0.030537815216789225
-0.013250710294709844,0.01188097414861335,0.20525735653436344,-0.004076774644516977,0.0,0.03157629554685192
-0.013378879355355637,0.012637432740830673,0.20592334532338616,-0.004503813133841162,0.0,0.03244841854163767
-0.0135505795523336,0.013405382817228216,0.20661324784763463,-0.004920560829574695,0.0,0.033150622321604
-0.013772010769078255,0.014157168173220075,0.20733258761358406,-0.005326088929070105,0.0,0.03367099322081483
-0.014046973033158452,0.014868312891489778,0.20808321324393939,-0.005718794153194805,0.0,0.03400760470504222
-0.014377228022314692,0.015516535231824521,0.20886350193294892,-0.006096634448632381,0.0,0.034165603732496164
-0.01476299263673604,0.016081200689348533,0.209670680042083,-0.006457649910216245,0.0,0.03415308346313931
-0.015202983509312502,0.016544624235532258,0.21050123468511298,-0.006800066050271681,0.0,0.0339806099478717
-0.01569423258215236,0.01689294513519535,0.21135032788313665,-0.007122184699590133,0.0,0.03366203687273694
-0.01623154773237709,0.0171167163802583,0.2122107120050904,-0.007422133978195974,0.0,0.033215350066153795
-0.01680701060957634,0.01721180457314139,0.21307055177212514,-0.00769712803116621,0.0,0.03266363628474285
-0.017412161032668363,0.01717724894307553,0.21392017360555166,-0.007945822834841585,0.0,0.032026955533842515
-0.018038782139258663,0.017014732787496798,0.2147543551308779,-0.008168623080057016,0.0,0.03132070238279753
-0.01867769461866812,0.01672959719079845,0.21556613343622077,-0.008365923865986133,0.0,0.030561071375433093
-0.019318361460790776,0.01632973019611988,0.2163490172446266,-0.008537612840037453,0.0,0.029763570580988264
-0.019949499650967862,0.015824530975448583,0.21709862851409223,-0.008683441294302405,0.0,0.028941088683538653
-0.020559875208836117,0.015224599591561763,0.21781070302586433,-0.008803757203175316,0.0,0.028103855874390817
-0.021138068037632067,0.014542033104851502,0.21847767510551822,-0.008899007745249871,0.0,0.027260969507830683
-0.021672640245372292,0.013790206245095209,0.21908908014466535,-0.008969563628075734,0.0,0.026419978300397686
-0.022152809664263595,0.012982131339643512,0.21963623986138334,-0.009016178087161394,0.0,0.025585308460398366
-0.02256869598415645,0.012129824400777409,0.2201136642899862,-0.009040143919643322,0.0,0.024758736474869317
-0.0229113629668758,0.01124432942958654,0.22051867264533495,-0.009043102199091388,0.0,0.023940311815920184
-0.0231728554743299,0.010336044939378123,0.22084988950589018,-0.009026785466698727,0.0,0.023129508471083998
-0.023346456930519958,0.00941456740994221,0.2211074237390827,-0.008993095852570094,0.0,0.02232543006379937
-0.02342671929820759,0.008488638242095168,0.22129385340766902,-0.008944060484278387,0.0,0.02152700290452767
-0.02340926278101127,0.007565908403146498,0.22141583914094137,-0.008881847913057943,0.0,0.020732939196074374
-0.02329090206423484,0.006653343299432794,0.221480525291097,-0.008808634057536126,0.0,0.019942754365374363
-0.0230698490181791,0.005757405294705156,0.22149430732325728,-0.008726535468992,0.0,0.01915690958877015
-0.02274575505016625,0.004883809967358018,0.22146374535270255,-0.008637616760966454,0.0,0.01837651386999044
-0.02231964909047473,0.004037562652170834,0.22139550761302357,-0.008543961670761486,0.0,0.017603224304585358
-0.021793857422747434,0.003222842685465535,0.22129658239382788,-0.008447630159468367,0.0,0.016839229979314016
-0.021171482950348108,0.0024427863505156818,0.22117466906698235,-0.00835070174954482,0.0,0.01608760341279158
-0.020457443604516744,0.0017004611446102137,0.22103460473524308,-0.008254782984846004,0.0,0.015351288899328023
-0.019658710522124284,0.0009992221474126775,0.22087926824078116,-0.008160833320676054,0.0,0.014631310901321163
-0.018783251487068543,0.00034200945722026035,0.22071188033068398,-0.008069540560298813,0.0,0.013927604346222507
-0.017839017108861235,-0.00026932241725738653,0.22053648357064573,-0.007981784449858835,0.0,0.013240834951819781
-0.016833503699999468,-0.0008338672563820295,0.2203575532270177,-0.007898590298238951,0.0,0.012572739517066117
-0.01577406541695314,-0.0013513559535159518,0.2201789280981765,-0.00782080963350429,0.0,0.011925068292593032
-0.014668383523259628,-0.001821739945127055,0.22000291033421313,-0.007748976767194872,0.0,0.011298697940712877
-0.013524380443672376,-0.0022452902219558847,0.21983078373099318,-0.0076832958172680646,0.0,0.010693409448411963
-0.012349233590472563,-0.002623107391545166,0.2196650971995788,-0.00762369621044262,0.0,0.01010828707536609
-0.011149804610203594,-0.0029568001272164027,0.219505884757136,-0.007570287346703158,0.0,0.009543794516841817
-0.009932708790582464,-0.0032482781118598515,0.21935003384804963,-0.007523433137912958,0.0,0.009001943144276645
-0.008703775821788384,-0.003499863444060251,0.21919466862738896,-0.007483432481429117,0.0,0.008484648703616952
-0.007467957321607428,-0.0037141667984160903,0.21903744715754062,-0.007450489929473219,0.0,0.007993587110803408
-0.006229422210747159,-0.003893938924089183,0.21887594457810805,-0.007424775636314244,0.0,0.007530471055532796
-0.004991758673534154,-0.004041956654863375,0.21870729678436904,-0.007406439568627256,0.0,0.007097012322015905
-0.0037577103114180173,-0.004161216194252447,0.21853103892184064,-0.007395330914196754,0.0,0.0066937459060275525
-0.0025292963831677513,-0.0042549015768230435,0.21834890633296689,-0.007391067062754152,0.0,0.00632019580733757
-0.0013078859576262508,-0.004325951906699864,0.21816173191653712,-0.007393326161157266,0.0,0.005976440714933181
-9.455576966154185e-05,-0.00437718062391802,0.21796957056508304,-0.00740183466125029,0.0,0.005662688337893315
0.0011098405638044035,-0.004411267962292529,0.21777236116256182,-0.007416303738799848,0.0,0.005378989466464435
0.0023049492761014383,-0.004430741884889821,0.21757056537038882,-0.007436393185015779,0.0,0.005125190518387617
0.003490763364428233,-0.004437975223678902,0.21736492072272326,-0.007461697032704264,0.0,0.0049009781359032716
,,,,,
,,,,,
,,,,,
