,,,,,
0.00449035774097972,0.19765027726405077,0.18894083516820462,1.0650730184713534e-10,0.0,0.6849532326197801
0.004556968859324811,0.20973893558538437,0.18048203534568666,2.35913056991562e-10,0.0,0.680686692360644
0.004731320353969628,0.2264150624175066,0.1741622860612747,3.632077903613077e-10,0.0,0.6708460894285604
0.004952553087124301,0.24454509030719324,0.168438608799659,3.8108580581099714e-10,0.0,0.6545195957032073
0.0052443170266666716,0.2663682791154524,0.16378590630598058,4.0135669759967906e-10,0.0,0.6341206941716497
0.005639349539902821,0.2943117204011786,0.16035599745471668,4.1375913410395536e-10,0.0,0.6065343681882325
0.00609031519026565,0.3308514939008984,0.15791067776462203,4.2702517874487063e-10,0.0,0.5670767660156872
0.006647464264244157,0.3792495987667051,0.15592995534390963,4.729998271760744e-10,0.0,0.515522513438785
0.007345245746800218,0.44551227476115185,0.1549267370574771,5.436805696529462e-10,0.0,0.4415794592129682
0.00805248159203229,0.5146362041053733,0.155969886831697,5.038741298357971e-10,0.0,0.3626446175225296
0.008616506037330808,0.5754823505669272,0.15927406015740414,4.596009235417641e-10,0.0,0.290527777131143
0.008958425777038924,0.62357664123952,0.16516711840108628,4.2193275286879803e-10,0.0,0.22990122531824053
0.009038101743340373,0.6555863895912705,0.17356754559965776,3.800167302843234e-10,0.0,0.18458529566526832
0.008860394473882345,0.6702888909071507,0.18420007677330488,3.261509762150638e-10,0.0,0.1562324905724605
0.00847068544330273,0.6685957265604546,0.1966284044938247,2.844802035410137e-10,0.0,0.1442738460115946
0.007947922243278812,0.6533260895522944,0.21011972570011794,2.5526168660984357e-10,0.0,0.14632970391454847
0.007388327274443412,0.628915679893267,0.2236256118336024,2.5906015627339725e-10,0.0,0.1585820544056532
0.006848389968870073,0.5990133196496262,0.2369393849077904,2.1455278093230302e-10,0.0,0.17718536164732482
0.006351695381440823,0.5653389475954562,0.2505634297479463,1.788005102829269e-10,0.0,0.19964768903680802
0.0059281262418466015,0.528943110356272,0.2647917510289549,1.7341155226607905e-10,0.0,0.2244230220312045
0.005619742879679593,0.49172177114060656,0.27922640287266587,1.4203799451337874e-10,0.0,0.2498111795529104
0.0054455718075569395,0.4560339675872853,0.29331547115200995,1.2745193215664452e-10,0.0,0.27384526565801703
0.005385523570361725,0.4231220956690134,0.3070976896501527,1.3002638041568353e-10,0.0,0.29518563971340633
0.005422169229364795,0.39300292252615326,0.32061171696071,1.2843181745503205e-10,0.0,0.3137730986709254
0.005556149415572573,0.3651129495470829,0.3338787765473219,1.0894909943897559e-10,0.0,0.330159356000429
0.00578684342602355,0.3391668332322098,0.34698619411118875,9.287545384684942e-11,0.0,0.3445455592300122
0.006111223309265904,0.31508390181049706,0.3599187816338651,1.034846862573095e-10,0.0,0.3570334484562963
0.006520037134452103,0.2930369891552822,0.37233621138506184,9.95437418474214e-11,0.0,0.3678074749223614
0.006986329932950124,0.27355201183368494,0.38338216416267284,8.566898705363688e-11,0.0,0.37724255653732514
0.00747747127651507,0.2567539162568283,0.39266352320273007,8.125825070399031e-11,0.0,0.3856566375901658
0.007925020532857546,0.2429839579211183,0.3998117730752393,9.658848982504769e-11,0.0,0.3931648598602635
0.008219524522598769,0.23306031236529676,0.4040811204396828,9.163457383362988e-11,0.0,0.39980951650138324
0.00840050830567157,0.22585720491398908,0.40630146801973277,1.5652977655523607e-10,0.0,0.4058376230784523
0.008583832916425515,0.21943073940389593,0.40792352797862197,1.9580575374525405e-10,0.0,0.41165595605857447
0.008850190997670138,0.21288665889627992,0.409338326215573,2.3272938644852326e-10,0.0,0.417694673628774
0.009245317076946712,0.20592382133704787,0.41074011696517193,2.6357773838593824e-10,0.0,0.4239829937961772
0.009798862824755545,0.19824322584072124,0.4129557078594111,2.479279704946999e-10,0.0,0.42995275480021616
0.010570812472900468,0.18963495126285113,0.4165418659278192,2.25394898996441e-10,0.0,0.43518691368315066
0.011552734926764764,0.18056177778980717,0.421292545979784,2.153217051629044e-10,0.0,0.43945824773060693
0.012644728917965043,0.1717651029367173,0.4266096565788658,2.0178269110354237e-10,0.0,0.4427804158228677
0.013788536378105423,0.1635076674299266,0.4321903311829553,1.9450179121315202e-10,0.0,0.4452794758155717
0.014950261879008286,0.15582908922078656,0.43795158662592026,1.8642592137451327e-10,0.0,0.4470464981693889
0.016097138570888195,0.14872644508040017,0.443858974360999,1.8143687553909822e-10,0.0,0.44815990321703986
0.017191923877390256,0.14222738915280445,0.4497842329457338,2.0162111823933663e-10,0.0,0.44876230044351606
0.018233714215379823,0.1362533864710695,0.455715133680356,1.958547836421616e-10,0.0,0.44893885525914357
0.019309152721757136,0.130477738649859,0.4620512917739711,1.786828772113212e-10,0.0,0.4485135370803547
0.020592567002765974,0.12442129618373911,0.46955728944241265,1.706606089396116e-10,0.0,0.4470018500439468
0.022081303956670732,0.1182452493658492,0.4779780204456723,1.7862797729050161e-10,0.0,0.4445094487293935
0.023421916269565447,0.11268452700939643,0.4861221706238704,1.844817533088065e-10,0.0,0.4419073665398317
0.0242246305142772,0.10840243965349876,0.49280428400852316,1.7906591764312398e-10,0.0,0.44011683355127224
0.024705067331414594,0.10504984877484698,0.49820463713724483,1.9071351407509172e-10,0.0,0.4390192469087248
0.025248435459452444,0.10175742842708554,0.5036544847631709,1.842068459353255e-10,0.0,0.43778479004558113
0.026048162629181446,0.09833120576047918,0.5092090386189116,1.791725003773476e-10,0.0,0.4363758010823324
0.027175828037629794,0.09484353165689946,0.5145989572865989,1.7440082875407043e-10,0.0,0.4349045276898082
0.02861114317014147,0.09128052506703903,0.520167639240865,1.7217604318116185e-10,0.0,0.4330579253450763
0.030384045171482157,0.08757177523216354,0.5263454982504003,1.7445386774653623e-10,0.0,0.43045131293384487
0.03241445920320529,0.08380693588106071,0.5331517606826099,1.872032908917347e-10,0.0,0.42707532310633256
0.03422179733818532,0.08033068639535099,0.5400575840195981,1.896293349852567e-10,0.0,0.42364915696459937
0.035208151551428916,0.07772943865437178,0.5455953294890898,1.934660062740332e-10,0.0,0.4216213892894381
0.03568363595952419,0.07597018093758846,0.5492730558083037,2.0322487300442465e-10,0.0,0.42109481430849094
0.03610249027988576,0.07455643384498954,0.5520015406833931,2.0485337821663063e-10,0.0,0.421247689437461
0.036580713038411636,0.0733152652813724,0.5541571509065184,2.0353565980328069e-10,0.0,0.42179216709110817
0.037193900794905844,0.07213435220470965,0.556008752205219,2.027401731077409e-10,0.0,0.42251548952098705
0.03809427197993538,0.07088899896168081,0.5578046289717666,2.0917985746456625e-10,0.0,0.4231662381344662
0.03947836311416021,0.06958546331553297,0.5593826608601078,2.1446923379776116e-10,0.0,0.4237033429918845
0.04126746530680697,0.06831938721277168,0.5607003754862769,2.3052691194312544e-10,0.0,0.4241400159645911
0.04313019090833061,0.06699232408162598,0.5625671132694922,2.417840414884214e-10,0.0,0.4241223224092978
0.04490761052141428,0.06555071376112716,0.5653549999343778,2.5463465463909576e-10,0.0,0.4234978108408356
0.04654488338826218,0.06405142661169616,0.5688864022820439,2.6277397583918356e-10,0.0,0.4224298039917545
0.048005606402747536,0.06260444350711333,0.5726958276814642,2.716959896725638e-10,0.0,0.42128867614976084
0.04924078087731113,0.06129282503003078,0.5764130428026807,2.85541453997556e-10,0.0,0.4203814777769262
0.05037998145806775,0.06003860071482004,0.5802418509250699,2.9541843879493317e-10,0.0,0.41946389925382427
0.051688473336881466,0.05869990692138466,0.5846216452645573,3.0377899957136716e-10,0.0,0.41803605567545504
0.053417810815643535,0.057293236100976065,0.5893703078541533,3.1933651593594994e-10,0.0,0.4160468484101437
0.05570384104048818,0.055914874025914156,0.5941005582483166,3.4274259033375875e-10,0.0,0.4136386751901953
0.05858242790953132,0.054686396061013325,0.5984044651634555,3.70964334478381e-10,0.0,0.41103106563000225
0.06210884620833843,0.05379435027312689,0.601655045373793,4.0970242909407806e-10,0.0,0.4085692709144107
0.06616333140379665,0.053293515232010445,0.603924054168569,4.6377626882393793e-10,0.0,0.4062302230988393
0.07049510810622131,0.052935295662279155,0.606212929397081,5.236929265247464e-10,0.0,0.4035489945068805
0.07479004003139215,0.05248101028991067,0.6091695627345235,5.793405170379029e-10,0.0,0.40049818979056373
0.07883892856430992,0.051899729237498124,0.6127942484573187,6.414257284805413e-10,0.0,0.3973551778260912
0.0825337203778205,0.0512655619367919,0.6167302434281298,7.052982706073786e-10,0.0,0.39452108379812
0.08577070907298706,0.05062069403269485,0.6207410254851186,7.667816753922628e-10,0.0,0.3922937956213103
0.08864317487604167,0.049995652141146006,0.6247670563445277,8.257945558812811e-10,0.0,0.3905726283412713
0.09145563233185706,0.04943764768215583,0.6286985770163334,8.863003311752505e-10,0.0,0.3890811708751535
0.0944862794736719,0.04903421150096904,0.6321742026960234,9.544630416157238e-10,0.0,0.38779085485586406
0.09763708965885871,0.0487618948177382,0.6352784168904294,1.031021756495356e-09,0.0,0.38674189775522544
0.10060871408896911,0.04850549821015942,0.6384154963717661,1.1064101424065814e-09,0.0,0.3859765442252547
0.10333054152676541,0.048251722290383714,0.6416037331762993,1.1791462814423834e-09,0.0,0.38555296591751415
0.10583286155934081,0.04800826736315667,0.6448179856891106,1.2489737943320934e-09,0.0,0.3854366213485022
0.10818607897777949,0.04777747730519971,0.6480799570228621,1.3196702341161699e-09,0.0,0.3855175277852844
0.11043734541006457,0.047557678112481516,0.6514149687284105,1.392348353639864e-09,0.0,0.38571566393482676
0.1125877858246802,0.0473518949859416,0.654788346361348,1.4651956950481268e-09,0.0,0.38604765447506917
0.11454048987150843,0.047167767013125264,0.65808238775892,1.53251265393556e-09,0.0,0.3866747612759348
0.11616227629201734,0.04701679360593873,0.6611515107943301,1.5927495239843107e-09,0.0,0.38776300712827916
0.11751093108233755,0.04690205233551328,0.6639967247455402,1.6442152772023153e-09,0.0,0.38919929469898695
0.11882146385644854,0.0468152160482613,0.6667380106474714,1.6952249175592273e-09,0.0,0.3907536595117985
0.12032099317430366,0.04676590983099643,0.6693834734049984,1.7508502706290735e-09,0.0,0.3923310674170484
0.12196549269181768,0.04675928750591716,0.671888903128297,1.8106769884583182e-09,0.0,0.3939771181034734
0.12340903566421464,0.0467579816114847,0.6743444485183705,1.8674035055598683e-09,0.0,0.3957478257931485
0.12442567754563509,0.04674363648779206,0.6767670717461867,1.9103377883584023e-09,0.0,0.3976048074563207
0.12520161257315912,0.04674381977920626,0.6790337539413853,1.9469325519465826e-09,0.0,0.39953294418324564
0.12602457801707959,0.04677383876970346,0.6811540882150757,1.982911510972967e-09,0.0,0.40155678010566676
0.1269727556194432,0.046843856623408876,0.6831054426294373,2.023588019153471e-09,0.0,0.4037098272187398
0.12805156927513048,0.0469531032488515,0.6849047452100049,2.0686745663438587e-09,0.0,0.40597601919508675
0.1292341777497085,0.04708778460124728,0.6866236164690368,2.1174575663791355e-09,0.0,0.40829411481822114
0.13051111793766168,0.047239549059121505,0.6883039736646352,2.171189687060097e-09,0.0,0.4106274036914227
0.1319000577995843,0.04741047327720579,0.6899420252360721,2.226805596208403e-09,0.0,0.4129734738531959
0.133564369756239,0.04763640932031831,0.6914345420050142,2.2959098360804418e-09,0.0,0.4153834008493052
0.1357541918477551,0.048010849993243315,0.6925142795031146,2.3903891784819665e-09,0.0,0.41794108501406746
0.13832896944406872,0.04854755812522039,0.6931773327221928,2.5031259142637877e-09,0.0,0.420607945358056
0.1409248940475064,0.04905997561490649,0.6939392555829702,2.6270773450436673e-09,0.0,0.4231564605739258
0.14336271705379436,0.04945252366147788,0.6950484468411015,2.7425693979428988e-09,0.0,0.4254694567968302
0.1455922004496521,0.04975896163376542,0.6963668636228948,2.851644703079166e-09,0.0,0.4276465897365437
0.1476645730132718,0.050054857805588944,0.6976127142268596,2.952638835409385e-09,0.0,0.42988065671342296
0.1495968437926622,0.05036802107707561,0.6986896749307594,3.05086383913549e-09,0.0,0.4322341851843799
0.1513693069667446,0.05066996926300943,0.699702511262588,3.1433077428226904e-09,0.0,0.43460196125426226
0.1529578463093494,0.050906837773991326,0.7008332346011844,3.229328484411121e-09,0.0,0.43679996493385054
0.1543596707493948,0.051060182691625565,0.7021464778399142,3.307878743002523e-09,0.0,0.43874068440116065
0.15556846443260605,0.051142752776984844,0.703589928432378,3.375547271342074e-09,0.0,0.4404472660094267
0.1565515206029017,0.05119209046228793,0.705002333837057,3.434406905210999e-09,0.0,0.44205127572531233
0.1572980701552226,0.051243562011158046,0.7062516757731372,3.481445513033856e-09,0.0,0.44365897153238876
0.15791396772146127,0.05128887517741054,0.7074171656150422,3.524373137435526e-09,0.0,0.44521975999179014
0.15866881611143033,0.051322502549643635,0.7086127607160819,3.5741612862711543e-09,0.0,0.44672867875814914
0.15993499387499052,0.051419678833559516,0.7096778047721809,3.658147570141889e-09,0.0,0.4483623402231463
0.16177021178803347,0.05162813702120861,0.7104630667520758,3.780842896017533e-09,0.0,0.450109268255668
0.16393439436638488,0.05187275605095207,0.7111197971642007,3.934210206581396e-09,0.0,0.4517021084881845
0.16634786825441492,0.05212693219442072,0.7116812424195078,4.116400724360717e-09,0.0,0.45303600300474317
0.1688691655231283,0.052359314324629584,0.7121610084540174,4.322075630769749e-09,0.0,0.45409619571572585
0.17125297651064214,0.052548471312882504,0.7125224141628943,4.529633645637795e-09,0.0,0.4550694887755711
0.17330137968806092,0.05270865881772964,0.7127065393564339,4.723852708718975e-09,0.0,0.45619241987640585
0.1750083195169191,0.05282681308920687,0.7127781803070316,4.906982553692568e-09,0.0,0.457365769743612
0.17639752880817336,0.05284633727851584,0.712862616434777,5.074249011779822e-09,0.0,0.4583322671090761
0.17743399868239626,0.05274501013590374,0.7130119017005933,5.221376931471822e-09,0.0,0.4589925243439303
0.17826065767577634,0.05255530329320135,0.7131799774406716,5.360926605968525e-09,0.0,0.45937283785665906
0.17906614001170756,0.05231179604229644,0.7132967533515775,5.522209598239335e-09,0.0,0.4595180848678974
0.17988955061330722,0.05202226023468866,0.7133345579530846,5.713521342592321e-09,0.0,0.45943269715361396
0.18072127115749664,0.05168364874097725,0.7132862350828955,5.943736100868315e-09,0.0,0.45909742000157383
0.1815287329694488,0.051286864092935196,0.7131586501540735,6.233279451111254e-09,0.0,0.4584784330998252
0.18229816131902174,0.05082818863299227,0.7129522126309191,6.611180411737337e-09,0.0,0.4575538089529204
0.18304644172172255,0.05031321476496029,0.7126524492083667,7.1636366151026666e-09,0.0,0.45632431381231936
0.18381397405183622,0.049748713336998304,0.7122394797632069,8.196110510856565e-09,0.0,0.4547734422782092
0.18463079365976923,0.04913475144367729,0.7117018284745529,1.226836600450062e-08,0.0,0.4528558843504635
0.18550725772268153,0.048473231743460465,0.7110218135358908,6.234637538758226e-08,0.0,0.45057853378348434
0.1864418078976376,0.047777823561995586,0.7101779728298909,3.802294032007298e-07,0.0,0.4479950450440037
0.18742008302717897,0.0470695280130879,0.7091306600342334,1.4941983386212044e-06,0.0,0.44520727202166244
0.18838660432045667,0.04636654400900214,0.7078369704877161,4.2255947923181e-06,0.0,0.44235894475900467
0.189214623486913,0.04565924220854914,0.70634467536425,9.513399910588452e-06,0.0,0.439556265124752
0.18977217117562253,0.04492971724100344,0.7047663173425153,1.8253105033348134e-05,0.0,0.43679118397856986
0.19004105658102846,0.04417876027608126,0.7031939886145888,3.133973638269321e-05,0.0,0.4340311825894677
0.19005774731854497,0.04340055350962126,0.7016756974155596,4.972553075680667e-05,0.0,0.43125997470388683
0.18985229841748902,0.04260740358722147,0.70023108225346,7.392653109257202e-05,0.0,0.4285040707068903
0.18946328745192545,0.04182385501273778,0.6988657712342747,0.00010400594117667526,0.0,0.4258014281278815
0.1889286421749167,0.041064788837574445,0.6975713514613844,0.00013978761081590718,0.0,0.42318229203526164
0.1882882482485955,0.04033966674050861,0.6963290690492896,0.0001810094497640892,0.0,0.420668982812879
0.18758689704112275,0.03965815008068708,0.6950980107427708,0.00022780882192952292,0.0,0.41829045811934107
0.18692934401702974,0.03901324659745259,0.693778477820837,0.00028371087697860183,0.0,0.4160146300206494
0.18647176071733884,0.03838855490260688,0.6922283985701492,0.00035797260610672527,0.0,0.41374640069146124
0.18631759508558374,0.037787388164763326,0.6903711605041946,0.00046219644940326325,0.0,0.41144823094738203
0.18669809484610422,0.03717679384029019,0.6880616437769436,0.0006269053973201836,0.0,0.4088068613269376
0.18802325112109544,0.036596875929116174,0.6850842748623146,0.0009127318914483061,0.0,0.40551662708195757
0.19003731858054218,0.03618947222823026,0.6816757740649059,0.001344561216622407,0.0,0.4021483913832472
0.19155768117781777,0.03575666340030968,0.6789018247863939,0.0018097353632686118,0.0,0.3987176986473536
0.19174281708871022,0.03515543822706912,0.6776191702287532,0.0021711829802007667,0.0,0.3946634687946494
0.19106624010140522,0.034562760532315384,0.6772317941059806,0.002437914953333704,0.0,0.39059477717305124
0.19010650189696326,0.03404796160841415,0.6770799589119024,0.002651521809987102,0.0,0.38688088097246315
0.18900046614253044,0.03360869082843726,0.6770155754346168,0.002815241261789797,0.0,0.3835442226868142
0.18788650082810315,0.03323657038586366,0.6769167834861074,0.0029442547310170146,0.0,0.380540850029594
0.18692202004221042,0.032885501671645175,0.6767707246177884,0.003084360018971408,0.0,0.37758014624053765
0.18628394666309417,0.03249596042009604,0.6766872171495698,0.0032977009808808945,0.0,0.37423635495321483
0.18615370258497685,0.032084253084231275,0.6766901717721928,0.0036232942317543384,0.0,0.37045822328888733
0.18676450381648044,0.031711231795737684,0.6766806672032777,0.004111539213193117,0.0,0.36640077091731194
0.18838544084702136,0.031462036190725046,0.6765475378984334,0.004838064218523359,0.0,0.36218463254735395
0.19080393615520982,0.03138287911505956,0.6764406782411326,0.005778365184445845,0.0,0.358042266107285
0.19300851245123699,0.03125917564107975,0.6772412850509736,0.006641711057873,0.0,0.35375264808993084
0.1940819115851667,0.030950130996679915,0.6795775364330798,0.007156733113295598,0.0,0.3490658519279239
0.1943269971367765,0.030585974243720046,0.6829528216569566,0.007401266603395135,0.0,0.3443447047195324
0.1942843854224434,0.030244085821744943,0.6869612042875383,0.00750639220773029,0.0,0.33976979152260967
0.1940782907425925,0.029939272546263426,0.6915401833463168,0.007499568076554599,0.0,0.33536898574456236
0.19380233842731176,0.02967563397388659,0.6967129140245149,0.007410250986451345,0.0,0.33109584833274114
0.1935289654957675,0.029450442647425717,0.7025535172071343,0.007275300841614997,0.0,0.32685287929694323
0.19332387460623285,0.029261150661748808,0.7091253317125631,0.007137147983719619,0.0,0.3225660858586422
0.1932941790783932,0.02910944859502199,0.7164319336587663,0.007050797217990428,0.0,0.3182059798795181
0.19364022131442282,0.029004294475493304,0.7243677871482965,0.007093244692875544,0.0,0.3137981152261541
0.1945845283323155,0.028966871455312005,0.7327370033818423,0.007341132118317754,0.0,0.30943895825286893
0.19618019708639847,0.02901825540539878,0.7413799100183733,0.007823783829411735,0.0,0.3052155697687495
0.19838140102564722,0.029165538576840084,0.7501863996998115,0.008543683847955183,0.0,0.3011456113488955
0.20122303266848368,0.02941227060408397,0.758964717740384,0.009508122888372827,0.0,0.29728412271549814
0.20459865209826722,0.02973079227482846,0.7675715818674863,0.01066237563786601,0.0,0.2936984017636108
0.20833199906557132,0.030070404540806936,0.7758387886232397,0.01190371000141139,0.0,0.29057981225860496
0.21233602363199455,0.030387428556522943,0.7835828200079596,0.013134658460978341,0.0,0.28812088490200655
0.21653782636176358,0.030640992659718026,0.7907568466295841,0.014266719568994253,0.0,0.28623790766951585
0.22085188521530566,0.030812656331155604,0.7973733247134213,0.015253737314169655,0.0,0.2847489010608247
0.22514475653672705,0.030930920642456984,0.8034482379355514,0.016115201695844458,0.0,0.28361529675060243
0.22928277976471365,0.03107565314562396,0.809045050333534,0.016917711714074555,0.0,0.2829153823572052
0.233196591282266,0.03136623523502967,0.8142261345151524,0.017714917005711272,0.0,0.28278735785786807
0.23688556600322458,0.03194103802647882,0.8190509277672013,0.018521967891372223,0.0,0.2832102397648009
0.24041004002485974,0.03289151575012095,0.8234930797867399,0.019308097981209152,0.0,0.28400850236841874
0.2439367003302124,0.03421955621853648,0.8273969153140982,0.02004453310419045,0.0,0.2851870394572457
0.24762038312789358,0.0358514936455183,0.8305508336056191,0.020797610251181285,0.0,0.28695723138936763
0.2513963654627808,0.03763511212923315,0.832763063820368,0.021725922712493247,0.0,0.2894507260960067
0.2550317319958386,0.039324347955624804,0.8338990934593339,0.02299187314869655,0.0,0.2926686146616059
0.25835779278631915,0.04064125468651434,0.8338829275583158,0.02470729287326533,0.0,0.29653529611321405
0.2614249129716195,0.041481308830785955,0.832723538451223,0.026835716071844457,0.0,0.301028172787571
0.26448176390024597,0.04195609379862562,0.8305509963168484,0.02913291222594838,0.0,0.3062160207961231
0.2678373839319677,0.04221235511047092,0.8275871468300042,0.0312979697278872,0.0,0.3120650243301011
0.2717725368409634,0.042429152157925504,0.8241634272261268,0.033209728820348186,0.0,0.31830351055466755
0.27643255350475804,0.04283340704327033,0.820514963332625,0.034916828607660745,0.0,0.32443043559848306
0.2817201007172389,0.0435756063035718,0.8166495289042484,0.03648476663068105,0.0,0.33002523936477274
0.2873010739601531,0.04466050449248828,0.8125215370333868,0.03789958447192592,0.0,0.33496333802426626
0.2929323933395799,0.04605361125327747,0.8082534420282468,0.03916259819925474,0.0,0.3393166322150802
0.2986371255407506,0.047766472420248236,0.8040792710227539,0.04040746222474895,0.0,0.34325268338513315
0.3043465113097553,0.04977921434027133,0.8002191907882242,0.04183954774312223,0.0,0.34687263784097583
0.3094835513116083,0.05197779238877699,0.7970441239140174,0.04362365589589356,0.0,0.3500497261867919
0.3137873331841063,0.05425296136672167,0.7948805439995904,0.045845390027242965,0.0,0.35266355475092026
0.3178155124587018,0.056524359568289474,0.793727275365735,0.04849153388259779,0.0,0.35479619058914774
0.3220553349073146,0.05867129599782636,0.7934868434501066,0.05141560677878992,0.0,0.35679635062936266
0.32665565439084754,0.06054648300728215,0.7940799577501032,0.05438920300372116,0.0,0.3591671474211057
0.3318110946356396,0.0620181537219017,0.7954698029579675,0.05721203443853629,0.0,0.36214168754609255
0.33780759018375583,0.06299807723132443,0.7976614231610463,0.05971029753246824,0.0,0.36550197837270915
0.34478419157133666,0.06349429320511882,0.8005269607125082,0.06168027755083314,0.0,0.368941609354745
0.35255043687794246,0.06363145698472039,0.8038700151153042,0.06303064692733608,0.0,0.37240400384984984
0.3608658436322587,0.06360244148917107,0.807586703562173,0.06385064448778366,0.0,0.3759456744954761
0.36969116960490034,0.06358421807651443,0.811549686638293,0.06430536749112956,0.0,0.3795282226768549
0.37887061063446686,0.06368082568067897,0.8155490641046347,0.06458025277300959,0.0,0.3830674332548662
0.3879997231969267,0.06398470971238683,0.8194127454012703,0.06487756329773574,0.0,0.38658079712376314
0.39662496903534805,0.06462014926212888,0.8230704968690548,0.06540676116331622,0.0,0.3902189996061328
0.40440170051326235,0.06566485880097381,0.8264663545474127,0.0663277522946263,0.0,0.3941775302547534
0.41083232269166564,0.06709903929583189,0.8296223846851437,0.06778032794133648,0.0,0.39865054455404997
0.41589107403814046,0.06887409288660404,0.8324879077276516,0.06986543306081736,0.0,0.4036382032767205
0.42018542568798917,0.07085183642020229,0.8348516675700235,0.07252260185044196,0.0,0.408780991774192
0.4243919915753016,0.07283737025066421,0.8364146224888862,0.07542284268387903,0.0,0.41367562778814576
0.4289659103405836,0.07475023251178833,0.8370330613357755,0.07819665033178806,0.0,0.41831891269654065
0.43378671238677036,0.07655822848583248,0.8370862241977437,0.08070423753387976,0.0,0.42297316330055296
0.43862553076908695,0.0781960045435587,0.837086282214153,0.08296596305056568,0.0,0.42779006677994713
0.4436059074372213,0.07963281385769676,0.8373133090250632,0.08517589542435487,0.0,0.4327983667590728
0.44869244721719087,0.08089556248221848,0.8378686410404412,0.0877109056561212,0.0,0.43808154550679584
0.4537001029186638,0.0820779146741221,0.8385044626575658,0.0908343494776232,0.0,0.4438620799067202
0.4583533017413743,0.08326047928827007,0.838713192384455,0.09462218250541561,0.0,0.45023247815634143
0.4622451299013837,0.08445637653123624,0.8381602601319748,0.09898972563237435,0.0,0.456873524643771
0.46506401365639205,0.0856774585901271,0.8369065532992,0.10378114752872453,0.0,0.46316068040516717
0.46675651848197663,0.08702866092369091,0.8350891240458791,0.1088515288627186,0.0,0.46844021981541234
0.467422134299853,0.08862517001102962,0.8328435256527466,0.11410618026953905,0.0,0.47214277777203606
0.46731950499807656,0.090433976274105,0.8304175646929483,0.1194637418894474,0.0,0.4739039627886461
0.46677840434047063,0.09231955351305951,0.8279443247143793,0.12477521291351472,0.0,0.47362028770055375
0.46608577808905116,0.09423667928591101,0.8254160446494677,0.12984919340716244,0.0,0.471521469349406
0.46546181161696787,0.09623502074582344,0.8228203790209129,0.13448232197443646,0.0,0.468202972241768
0.4650517403473257,0.09828406004506071,0.8200897759838854,0.13843624769994414,0.0,0.4643100220150245
0.4648014697069918,0.10015371794593987,0.8171501431777496,0.14148049154468925,0.0,0.4602984952638445
0.464612581824466,0.10156370335455532,0.8140686416603664,0.1435345655084053,0.0,0.45648279409046416
0.4646598846156375,0.10234749822419952,0.8110354214299398,0.1447006980114696,0.0,0.45308602980111123
0.4652782250331164,0.10237588766368515,0.8081176867559436,0.1451971596274088,0.0,0.4501674325392859
0.46681574069898135,0.10159488508553227,0.8052193243178274,0.145168718569393,0.0,0.4476655337959306
0.4695052438552696,0.10012057777295875,0.80221321582971,0.1447352352735875,0.0,0.4455071136872089
0.4733684530793069,0.098185266712927,0.7990285470966426,0.1441098233599015,0.0,0.4436600847754025
0.47814957039243233,0.09605091946546479,0.7956878417253213,0.1436239979806799,0.0,0.4420997758399561
0.48344711585689176,0.09399962752961549,0.7923042581793214,0.14358460928849576,0.0,0.4407905402609845
0.4888107324168427,0.0923033884266845,0.7890204008281445,0.14420163936117975,0.0,0.43965597200003376
0.49346619960007865,0.09112147211926927,0.7857824846753231,0.14604949247066246,0.0,0.4384773772910832
0.49693815948440817,0.09056885378672393,0.782631980769275,0.1494177160624293,0.0,0.4370729782597905
0.4992181267210931,0.09069713806580525,0.7799475368777894,0.15398814375267506,0.0,0.4355459633800013
0.5004412730682242,0.09146511328146421,0.7780313294168132,0.15938730040980867,0.0,0.43422829741981106
0.5008704696379505,0.09280559684381304,0.7768638244472434,0.1653062888150484,0.0,0.4334828511525385
0.5009567763519412,0.09466665950305846,0.7763143341871258,0.1712268415433796,0.0,0.43361675743758893
0.5014356526667871,0.09703871036538729,0.7763683367764094,0.17620161720398028,0.0,0.434887713144993
0.5030831749620424,0.09995487557987466,0.7770572467140263,0.17934413692837417,0.0,0.4374312373489809
0.5059606141382622,0.1033685945365584,0.7781978475843656,0.18099315367722768,0.0,0.4410177984443686
0.5098138865147649,0.10718209030443306,0.7795803194250465,0.18194956535921195,0.0,0.4452357847141369
0.5146050731772197,0.11137131693038026,0.7811225949835655,0.18252169749159763,0.0,0.44979115129868436
0.5201967979399327,0.11592557281916767,0.7827193296251055,0.18297570803654356,0.0,0.45442755533449297
0.5264478956355095,0.12085373726071874,0.7843074926267066,0.18341088376160988,0.0,0.4589630170253748
0.5331301594942132,0.12613106067528848,0.7858400544483684,0.18390763665654183,0.0,0.46322727914084194
0.5398548888627207,0.13165654918865935,0.7872460968879421,0.1846560328411339,0.0,0.4670328773148316
0.5461305899525394,0.1372538591719823,0.7884304921168845,0.18592089914135881,0.0,0.4702234472281933
0.5517301114603486,0.1427818398339816,0.789337431474039,0.18768199168847005,0.0,0.47279376298328796
0.5567360082886859,0.1481402011322587,0.789897159829424,0.18966907861619067,0.0,0.47482257998062904
0.5612155248946247,0.15319510268620853,0.7899650096186772,0.19179993491594893,0.0,0.4763449251442358
0.5652302865207821,0.15782029574019726,0.7894873794236514,0.19403237771362314,0.0,0.47739156594640497
0.5689247796403236,0.16195051138919206,0.7886837302056104,0.19614067305671823,0.0,0.4780708252244085
0.5724826512461267,0.16557835151994568,0.7879529037814399,0.19786082228023397,0.0,0.47851857922146585
0.5759721775070559,0.16868998455666426,0.7876585286309972,0.1991412149713322,0.0,0.4787971714748834
0.5792529302573098,0.1712203394302171,0.7879953553317813,0.20024749191834004,0.0,0.47886248644321333
0.582180335883149,0.1731367458109928,0.7890067534125105,0.20150011443711366,0.0,0.478649437942234
0.584782563118164,0.1745018582644586,0.790652400238198,0.2030252403932534,0.0,0.47814393615712714
0.5871354058267214,0.1753937381947859,0.792797520446788,0.2048875377303107,0.0,0.4773326502685741
0.5890992890714604,0.17579174716353924,0.7951021557220891,0.20744274471218044,0.0,0.4760504024560616
0.5906677667912164,0.1757118055770948,0.7973137482459909,0.2106768771958759,0.0,0.47428310241409294
0.5920509819709541,0.17529370256577592,0.7994901102483801,0.21395125572318566,0.0,0.47237261734241043
0.59355266335292,0.1747777413730991,0.8018862920631568,0.21634847184119205,0.0,0.4708744254851451
0.5954471094920413,0.1743845613017028,0.8047108350908407,0.21714940314077405,0.0,0.4702982117362724
0.5976206883784688,0.17414232076959676,0.8079373986373221,0.21645944976706472,0.0,0.47082029915904816
0.5998568872679579,0.17398990741964038,0.8115281262332216,0.2147194719639886,0.0,0.4724329151177978
0.6021740230087047,0.17390874080021276,0.8155659802428773,0.21212243825696106,0.0,0.4751135281090368
0.6045113620409508,0.1738535184034823,0.8200555352534268,0.2090069331602401,0.0,0.4786807427393518
0.6068131448561707,0.1737956061580092,0.8249801452868327,0.2056841122603238,0.0,0.4829056360149555
0.6090530946088347,0.17374564162552028,0.8303082279994236,0.202381625917424,0.0,0.48757171613553274
0.6111613646209036,0.17374045115967607,0.8359484505745484,0.19934770349136144,0.0,0.49245077705472673
0.6128685370884189,0.1737899720466927,0.8416676486941804,0.19709840026154538,0.0,0.4972263909073481
0.614194609673127,0.17398798822150144,0.8474088364744746,0.1956354517239419,0.0,0.5017782939476054
0.6155365294297472,0.17450043755489927,0.8532987875106917,0.19439005979264604,0.0,0.5062308947063087
0.6172567385043718,0.1754433973220959,0.8594198909349173,0.1928847220669686,0.0,0.5107381506139209
0.619487238219974,0.1768447606551717,0.865715115685042,0.19098811216367934,0.0,0.5153534052883478
0.622164102004668,0.17866532933064327,0.8720136244061683,0.18883035484577215,0.0,0.5200107748529542
0.6251410916477185,0.18083405492392385,0.8781039886568861,0.18662160177795756,0.0,0.5245801462886625
0.6283636619705274,0.18329378086684836,0.8838645833004284,0.18437446383464773,0.0,0.5289830732250732
0.6318851892880726,0.1860088287307982,0.8892953700186224,0.18188745717847432,0.0,0.5332174932562299
0.6358848486084134,0.18897754524372443,0.894549823192761,0.17875693706790338,0.0,0.5373915206653137
0.6404287971241044,0.19218305228665813,0.8997457369660958,0.17475805477930736,0.0,0.541552185938196
0.64530205155613,0.19554378287538418,0.9047893767505848,0.17009133209387928,0.0,0.5455550257028179
0.6502594116616692,0.1989670164582989,0.909576834327377,0.16501720696475083,0.0,0.5492569819572174
0.6549592134065566,0.20232497861472168,0.9139075738163782,0.15993478592544064,0.0,0.552459696059677
0.6588069656347955,0.20540965455628968,0.9173258068381376,0.15551762167716157,0.0,0.5548007857864559
0.6613093516017193,0.2080313280290451,0.9195711427492913,0.15218332247140232,0.0,0.5561103607904105
0.6623889010046488,0.21012683189680623,0.9208467414837093,0.14977436825492724,0.0,0.5565561757943704
0.6622221629164324,0.21173878464795165,0.921469932501506,0.14790850883638315,0.0,0.5564062589125794
0.6609129545581888,0.2129280944987835,0.9215815369703941,0.14638013233706382,0.0,0.5558574150123509
0.658531950679188,0.2137748509574405,0.9212334821601071,0.1450726926289718,0.0,0.5550754569468276
0.6552255085546828,0.21438841317375357,0.9204950476112013,0.1438531135642015,0.0,0.5542441158276209
0.6511961792202211,0.21487873766923218,0.9194654277932474,0.14262084267825967,0.0,0.5535637370834072
0.6466541920298664,0.2153311442169045,0.9182371028226345,0.14133240842543218,0.0,0.5531983895974137
0.6418022957086188,0.21580759363771373,0.9168815892175041,0.13998366399952591,0.0,0.5532417431256063
0.6369038552191921,0.21638991243735398,0.915569580844578,0.1385278448554366,0.0,0.5537564860784229
0.6321626301590738,0.2171499067083964,0.9144490556239898,0.13694788335219432,0.0,0.5547031532185801
0.6275963668670983,0.21808724383819764,0.9134489442048848,0.1353678305392588,0.0,0.5558459551654266
0.6229757176338079,0.2190811387910334,0.9121405078765499,0.13413188084038075,0.0,0.5567366595492548
0.6182992895847538,0.2201189135428611,0.9104025055516538,0.13329214711231385,0.0,0.5570822386537958
0.6138519282248992,0.2213359312904565,0.9085537968778951,0.13260886477677405,0.0,0.5568450896366407
0.6098977052099125,0.22285118088753353,0.906875720441152,0.1318796152238899,0.0,0.5560969025079677
0.6065767854727744,0.22467720960678314,0.9053937158457178,0.13104882905067158,0.0,0.5549167767321805
0.6039378471302709,0.22669173013143498,0.9039206837808612,0.13017790848520475,0.0,0.5533448235876571
0.6020248539500573,0.22868212961439774,0.9023043445499228,0.1293009493141207,0.0,0.5514293915127633
0.6007679394962377,0.23030056373988902,0.9002272118463857,0.12852860852305278,0.0,0.5491102674039855
0.5999226830211386,0.23108264254900088,0.8970627177709033,0.12809912177591645,0.0,0.5461604303662024
0.5992766445063792,0.23070253165841492,0.8924123256175032,0.12812404166902114,0.0,0.5424409632720476
0.5987948081534685,0.22920401222123432,0.886527513550178,0.12844238342274142,0.0,0.5380591304373588
0.5985009659045334,0.22688861752573747,0.8798733709094884,0.12891522731172753,0.0,0.5332274987653332
0.5984388743266836,0.22415397140106844,0.8727966933399716,0.12957678786251361,0.0,0.5281922905226539
0.5987217116898303,0.22140880278566405,0.8655741386282155,0.1305857849858825,0.0,0.5232502400663613
0.5995171053330239,0.2189935030732001,0.8584727657830693,0.1321459322527109,0.0,0.5187046223637188
0.6009878845869928,0.21713790113829945,0.8518363571273341,0.13436387989078874,0.0,0.5147906853212705
0.6031673989542109,0.21590615864688203,0.8458556518140877,0.13725920700431618,0.0,0.5115584758091588
0.6058831719262779,0.21520720971879814,0.840388176190273,0.14093100326487723,0.0,0.5088241460318755
0.6088272902117245,0.21491913942601132,0.8352250418713998,0.14550212176595628,0.0,0.5062978740908061
0.6117188677946109,0.2150240408503087,0.8304848414089457,0.15082104964616802,0.0,0.5037770899121305
0.614376235044863,0.21558527177101508,0.8264237193964845,0.1564974338400115,0.0,0.5011694816032777
0.6167516207693654,0.21668852622003343,0.8231768466963987,0.16209962132193026,0.0,0.49848990490048406
0.6189236396732152,0.21841578984764215,0.8207084984573546,0.16731189240007022,0.0,0.4958483616034168
0.621022920497195,0.22081654461505856,0.8188789311630215,0.1719863894271397,0.0,0.4934036924499415
0.6231762902859256,0.22388233969346688,0.8175895825724255,0.1760359225994585,0.0,0.4913279364645118
0.6254075051905361,0.22749196094174096,0.8166695600106976,0.1794970920567229,0.0,0.4896868887101471
0.6275431988596718,0.23136964478775665,0.8156484800904694,0.18269123288902567,0.0,0.48831832160673583
0.6292141537576034,0.2351106733869817,0.8137708336532988,0.1861948485026743,0.0,0.4868675457648324
0.6301907149318733,0.23844534209740936,0.8107541554533616,0.19019234297400597,0.0,0.4851869954431077
0.6304173274727706,0.24126374141883875,0.806706595799945,0.1944990582110833,0.0,0.48333091977838144
0.6298326959713887,0.24346329034667502,0.8016614806553793,0.19897326316957847,0.0,0.4813439283910495
0.6284069204298882,0.2449487316510344,0.7956221366770947,0.20350551554532734,0.0,0.47925797466655434
0.6262176794068649,0.2456744187288337,0.7886867368814444,0.2079255481745708,0.0,0.4771247004077164
0.6234590979227776,0.24567104087103064,0.7810844906632233,0.21200211546564013,0.0,0.47501969911348835
0.6203349522711737,0.24500442976151557,0.7730474170172444,0.2155945224357823,0.0,0.4729870005454891
0.6169535419043378,0.2437124651715421,0.7646823918211343,0.21877188888092672,0.0,0.47098469400292514
0.6134096529529001,0.24186944973100996,0.7561228217484974,0.22164565288964533,0.0,0.46898656424402324
0.609820439553528,0.23960483310088115,0.7475722674436353,0.22429285928860745,0.0,0.46703578998779405
0.6062867045921518,0.23705353789999578,0.7392231840141233,0.22680011170530018,0.0,0.46521413996231487
0.6028613283139174,0.23431452751266094,0.7312003071059677,0.22930001839090736,0.0,0.46360295900638426
0.5996408007055829,0.2315173417271691,0.7236997899816243,0.23180884123856216,0.0,0.46233290979076214
0.5967657532220314,0.22881985333553942,0.7169683884668563,0.23422343542446106,0.0,0.4615571549751197
0.5943567935060828,0.2263627676209324,0.7112020190805663,0.2364219544931338,0.0,0.46139752793805433
0.5924699325697166,0.22423749219619168,0.7064973118239442,0.2383349732380223,0.0,0.46190421744441296
0.5910999646643074,0.22248993673644862,0.7028550910572069,0.23996093569378435,0.0,0.4630557058193321
0.5902747556494115,0.2211994622801193,0.7002911403979222,0.24122608368650006,0.0,0.46486922872936437
0.5899570876984447,0.22037510073681138,0.6987595756083128,0.24212038896125226,0.0,0.46727634639446813
0.590012786478537,0.2199144707963936,0.6981355575641615,0.24276161097263477,0.0,0.4700425948325088
0.5903574556283422,0.21974979624004648,0.6983330206272677,0.2432030720726401,0.0,0.47299691006586897
0.5909288215495662,0.21983402389129336,0.6992540594060556,0.24349932059344082,0.0,0.47601765788040207
0.5916377340815899,0.2201003925535907,0.7007402062408292,0.24379290803077366,0.0,0.47895435116656
0.5923820031235588,0.22047325203904158,0.7026012487929486,0.2442783097552216,0.0,0.48164393206099543
0.5931154660821925,0.22090009300336289,0.7047343014336134,0.24502740904195605,0.0,0.4839988144036737
0.5938433097707421,0.22134717856173286,0.7071098151555438,0.2460067887193978,0.0,0.4859977234672231
0.5945636126101266,0.22176371211247004,0.7096932206579328,0.2472123059031086,0.0,0.48759620630878914
0.5952931591788323,0.22212576183670177,0.7124432743972462,0.2486317353746187,0.0,0.4888008692648161
0.5960755410337879,0.22245008444089073,0.7153204587994867,0.25021489282741516,0.0,0.4896857243717631
0.5969593721286921,0.22276733307321814,0.7182934745747147,0.25188939737170596,0.0,0.49033958607854067
0.5979497785070688,0.22308311263308822,0.7212945296583053,0.25366426059444197,0.0,0.49078720431491457
0.5990162705771527,0.2233834066397558,0.7242289603539678,0.2556174163034355,0.0,0.49100524696999637
0.6001467138673018,0.22367512101651627,0.7270366244598325,0.2577665102296195,0.0,0.49101115093837505
0.6013424334213566,0.22398608962523128,0.7296750324858188,0.26008440144738887,0.0,0.490854794589698
0.6026024601956798,0.22434986848530003,0.7321011400513234,0.2625391894828736,0.0,0.49058624715627275
0.6039172390698347,0.2247952697279632,0.7342702839753703,0.26510898429036656,0.0,0.49024097428353586
0.6052721750127595,0.22534587052412225,0.736139165218766,0.26777827019720407,0.0,0.489841945477297
0.606653782975626,0.22602120855419466,0.7376700263089288,0.2705323284926087,0.0,0.4894033384045496
0.6080586660736422,0.22683712324173647,0.7388383704629754,0.27334966177869197,0.0,0.48893276402395913
0.6094908620891495,0.2278076970445275,0.7396342621200802,0.276207043019215,0.0,0.48843492353760026
0.6109646007175495,0.22894639547811493,0.7400677013452576,0.27907486510017593,0.0,0.4879161065428585
0.6125159389243964,0.23026186251426095,0.7401844084396093,0.2818929187836519,0.0,0.4873904263253224
0.6141778348086502,0.23176325268381345,0.7400536247887485,0.2845864249097422,0.0,0.48688652715227876
0.6159298337016886,0.2334488427633537,0.7396802915367047,0.2871874162509944,0.0,0.48639718717548064
0.6177361885736586,0.235309432504298,0.7390383057349557,0.2897808713137598,0.0,0.48589049823340646
0.6195534949613973,0.237324577545281,0.7380867412077114,0.2924761330068887,0.0,0.48531860669147403
0.6213148075438932,0.23944097491621993,0.7367528652131807,0.2954217709247808,0.0,0.4846036414804037
0.6229672921548635,0.24155455072983245,0.7350159930888988,0.29866705842761704,0.0,0.4836835825960701
0.6245381667335083,0.24364444150015396,0.7330014837631548,0.3020550257729606,0.0,0.48261673123303567
0.6260611523737813,0.24574876693161848,0.7308111290511733,0.3055059389602244,0.0,0.48145059642448923
0.6275371404715697,0.24787764277464897,0.72849256742729,0.30901720326826426,0.0,0.4801899455459525
0.6289615570794155,0.2500301855984697,0.726085327759023,0.31258693508678453,0.0,0.4788349976918043
0.6303384801162656,0.25221444131041365,0.7236337538334822,0.3162032042219397,0.0,0.47739229999392635
0.6316694445585588,0.25444162691669414,0.7211763645417345,0.3198524432929114,0.0,0.4758707871366367
0.6329542794216856,0.2567250349804982,0.71874473844935,0.3235214864365541,0.0,0.4742808060515056
0.6341989746338755,0.25908835644144806,0.716370398652048,0.32718897601510555,0.0,0.47264082929455925
0.635440674213741,0.26159071475539963,0.7141178551182725,0.3307728526466951,0.0,0.471008848775234
0.6366522965629865,0.2642316199438417,0.7119305987762692,0.3343549316141339,0.0,0.4693618571971158
0.6376537481121016,0.26689897666045165,0.7094945102268249,0.33841076156027206,0.0,0.46748189706494525
0.6383479559092565,0.2695089589666874,0.7067049844495581,0.3431055041221667,0.0,0.4652789283466812
0.6387531806332449,0.2720363948767938,0.7036842274203108,0.34826129818292373,0.0,0.462818158489519
0.6389243169995213,0.27448383944578736,0.7005968659887454,0.3536307551833151,0.0,0.46020287787294595
0.6388941607440499,0.2768519834990958,0.6975471397673098,0.3590574163054826,0.0,0.45750148864971385
0.638673672243333,0.27914614224661427,0.694584983333838,0.36446453829484066,0.0,0.45475480330465173
0.6382591441819463,0.28138102659656183,0.6917184201450897,0.3698347924607228,0.0,0.45198563142787146
0.6376389316535778,0.2835723081039906,0.6889330035874713,0.3751828739393986,0.0,0.44920587306452475
0.6368165782384938,0.28571874081195725,0.6862466034580633,0.38047589707413876,0.0,0.44643752596506764
0.6358119123103801,0.2878040293347391,0.68371009552765,0.3856334302884829,0.0,0.4437120883999183
0.6346358244520003,0.289813959522547,0.6813546408831789,0.39060514826969034,0.0,0.4410500943063655
0.6332998593965637,0.29173547216284534,0.6792083459105852,0.39534254856164447,0.0,0.43847156499167234
0.6318160004743251,0.29355411769776557,0.6772998332059172,0.3997945707717873,0.0,0.43599641450777954
0.6301806846206057,0.29525925427164734,0.6756400887727544,0.40393866041506016,0.0,0.43363682655069524
0.6284057173173951,0.2968498788102409,0.6742467163469401,0.40772208080909966,0.0,0.4314188878071858
0.6265068638747179,0.2983256797842388,0.6731270135551712,0.41109651718532514,0.0,0.4293657685822652
0.6244937412190896,0.2996836038091038,0.6722888571760365,0.41401094310030095,0.0,0.42750120782811146
0.6223763589914248,0.30091829993516395,0.6716978188538781,0.41647042147421076,0.0,0.42582204783031363
0.6201529174033036,0.3020167572655466,0.6712766966401431,0.4185677481080814,0.0,0.42428534165911447
0.6178143365044398,0.30296827649455477,0.6709541506554937,0.42041119418200823,0.0,0.4228450903466563
0.6153599312068656,0.3037656253024967,0.6706869950681312,0.422069321980098,0.0,0.42147445152697727
0.6127941594814009,0.30440477373644703,0.6704462076214497,0.42358910548925865,0.0,0.4201575694605861
0.6101216641502087,0.30488662754302565,0.6701942092782588,0.42503651844264445,0.0,0.41887379112445494
0.6073578942834359,0.30520917432166683,0.6699160609421743,0.426434252949039,0.0,0.4176180391179866
0.6045213675385861,0.3053595395184742,0.6696298391015453,0.4277474346692416,0.0,0.41640077211809207
0.6016192486117914,0.3053226472021539,0.6693623534689298,0.4289296366470973,0.0,0.41523417123846795
0.5986614949879783,0.30509701388209726,0.6691153242000837,0.42997262690182003,0.0,0.4141197626365294
0.595658428694109,0.30469176147188576,0.6688477538063883,0.43094876001285654,0.0,0.4130327559396467
0.5926188348218926,0.3041193892728105,0.6685076456594947,0.4319560837292201,0.0,0.41194150990277706
0.5895551534324798,0.303386856936301,0.6680740061211234,0.43303534629167834,0.0,0.4108332493947892
0.5864776507672232,0.30248996403386585,0.6675596916287007,0.43417131233604356,0.0,0.4097086038539401
0.583393235684721,0.30142351385432825,0.6669872097875773,0.4353337893379764,0.0,0.40857140022291755
0.5803095700034144,0.30018354234072653,0.6664035641836229,0.4364479009457013,0.0,0.40744098730819517
0.5772456435725711,0.29877128089565713,0.6659051430832928,0.43733407633330257,0.0,0.4063760424193704
0.5742379890303131,0.29720015782149384,0.6656101762307929,0.4377312902223779,0.0,0.4054710168463556
0.5713020242634891,0.2954941522564312,0.6655204427370685,0.43758823931215723,0.0,0.4047514038843739
0.5684250607819943,0.29367211893227246,0.665557607401365,0.4370507445594366,0.0,0.4041679736902132
0.5656030446149406,0.29174799401248847,0.6656838173987858,0.43619498715577537,0.0,0.40369403586401825
0.5628358789552457,0.2897305635005127,0.6658622919396774,0.4351093805448527,0.0,0.4032958931766031
0.5601240963129681,0.28762561144260734,0.6660530264155015,0.43390510945805827,0.0,0.4029306568131846
0.5574719042808225,0.2854446990639788,0.6662442649804649,0.43262400424382874,0.0,0.4025846740431179
0.5548833226313532,0.28320145743076885,0.6664312651805417,0.4312894301957295,0.0,0.40225247650453805
0.5523616335793532,0.2809094062656431,0.6666083561528137,0.42992710452344157,0.0,0.4019279511678795
0.5499107749704428,0.27858138043526154,0.6667721059460193,0.42855663343804973,0.0,0.40160711591643344
,,,,,
